,serial_number,activity_date,facility_name,score,grade,service_code,service_description,employee_id,facility_address,facility_city,facility_id,facility_state,facility_zip,owner_id,owner_name,pe_description,program_element_pe,program_name,program_status,record_id,food_type,in_business,latitude,longitude,price,rating,review_count,yelp_id
0,DA0J3QV40,08/15/2016 12:00:00 AM,BAK KUNG KOREAN BBQ 2,90,A,1,ROUTINE INSPECTION,EE0001003,233 S VERMONT AVE,LOS ANGELES,FA0166078,CA,90004,OW0039131,"WON HUA, INC.",RESTAURANT (61-150) SEATS HIGH RISK,1638,BAK KUNG KOREAN BBQ 2,ACTIVE,PR0156328,"['Barbeque', 'Korean']",False,34.0694896,-118.2919371,$$,4.0,194,H_Q31u74WCLaEX3rVqpx-Q
1,DA5EMTZ4U,08/15/2016 12:00:00 AM,LEGEND NOODLE & GRILL,93,A,1,ROUTINE INSPECTION,EE0001003,209 S VERMONT AVE,LOS ANGELES,FA0035960,CA,90004,OW0021484,LEGEND NOODLE & GRILL,RESTAURANT (31-60) SEATS HIGH RISK,1635,LEGEND NOODLE & GRILL,INACTIVE,PR0047579,"['Vietnamese', 'Noodles']",True,34.0699979,-118.2918276,$,3.5,481,UF5R6WX7bIIJGBDfN8hCzQ
2,DAMVZZ7C0,08/15/2016 12:00:00 AM,LOS GIRASOLES MEXICAN GRILL,90,A,1,ROUTINE INSPECTION,EE0000176,2851 CRENSHAW BLVD,LOS ANGELES,FA0225836,CA,90016,OW0230057,MARIA CONSEPCION PEREZ-GARCIA,RESTAURANT (0-30) SEATS HIGH RISK,1632,LOS GIRASOLES MEXICAN GRILL,INACTIVE,PR0181157,"['Mexican', 'Breakfast & Brunch']",True,34.0297529321833,-118.335160498867,$,4.5,34,Q0TXWEnW0DKjetlmS_pdLg
3,DA4F1QGI0,08/15/2016 12:00:00 AM,PAPA JOHN'S PIZZA,93,A,1,ROUTINE INSPECTION,EE0000893,720 N VERMONT AVE,LOS ANGELES,FA0068305,CA,90029,OW0028671,"PJ MANAGEMENT, INC.",RESTAURANT (0-30) SEATS MODERATE RISK,1631,PAPA JOHN'S PIZZA,INACTIVE,PR0010277,['Pizza'],False,34.0843391418457,-118.29141998291,$$,2.0,85,01Fa9aAx_MGFediLmz2hZg
4,DA6ZGNHC0,08/12/2016 12:00:00 AM,PACE,94,A,401,OWNER INITIATED ROUTINE INSPECT.,EE0000822,2100 LAUREL CANYON BLVD,LOS ANGELES,FA0043420,CA,90046,OW0031645,SANDRO CORPORATION,RESTAURANT (31-60) SEATS HIGH RISK,1635,PACE,ACTIVE,PR0003721,"['Italian', 'Desserts', 'Wine Bars']",False,34.10906,-118.3697,$$$,4.0,797,LlaXbuPQBsRXjZFEx5Wkjw
5,DADJBNMTK,07/28/2016 12:00:00 AM,PACE,82,B,1,ROUTINE INSPECTION,EE0000822,2100 LAUREL CANYON BLVD,LOS ANGELES,FA0043420,CA,90046,OW0031645,SANDRO CORPORATION,RESTAURANT (31-60) SEATS HIGH RISK,1635,PACE,ACTIVE,PR0003721,"['Italian', 'Desserts', 'Wine Bars']",False,34.10906,-118.3697,$$$,4.0,797,LlaXbuPQBsRXjZFEx5Wkjw
6,DAHRAXWWF,08/12/2016 12:00:00 AM,TAJ TANDOORI LA,96,A,1,ROUTINE INSPECTION,EE0000015,10823 VENICE BLVD,LOS ANGELES,FA0225821,CA,90034,OW0230042,TAJ TANDOORI INC.,RESTAURANT (0-30) SEATS HIGH RISK,1632,TAJ TANDOORI LA,INACTIVE,PR0181144,"['Indian', 'Halal', 'Pakistani']",True,34.0174212,-118.4097005,$$,4.0,73,4mR_mImFJ8m2sjPD84TXMQ
7,DA9O0FA9N,08/12/2016 12:00:00 AM,YUM YUM DONUTS FRANCHISE #19,91,A,1,ROUTINE INSPECTION,EE0000709,724 N HIGHLAND AVE,LOS ANGELES,FA0041896,CA,90038,OW0033430,"SOLARES, HENRY Q. MELGAR",RESTAURANT (0-30) SEATS MODERATE RISK,1631,YUM YUM DONUTS FRANCHISE #19,ACTIVE,PR0007115,['Donuts'],False,34.0841789245605,-118.338233947754,$,3.5,12,6cXIQA0RlvUuA8hU8qKpEw
8,DAYSFZC8Y,08/12/2016 12:00:00 AM,TOFU-YA,95,A,1,ROUTINE INSPECTION,EE0000684,2021 SAWTELLE BLVD,LOS ANGELES,FA0072661,CA,90025,OW0012078,"FOFU-YA, INC.",RESTAURANT (31-60) SEATS HIGH RISK,1635,TOFU-YA,INACTIVE,PR0026415,['Korean'],False,34.04016,-118.44338,$$,3.5,1030,cJQfLysSaYhvv3yueXdqGQ
9,DA0YGUNDR,08/02/2016 12:00:00 AM,TOFU-YA,86,B,1,ROUTINE INSPECTION,EE0000684,2021 SAWTELLE BLVD,LOS ANGELES,FA0072661,CA,90025,OW0012078,"FOFU-YA, INC.",RESTAURANT (31-60) SEATS HIGH RISK,1635,TOFU-YA,INACTIVE,PR0026415,['Korean'],False,34.04016,-118.44338,$$,3.5,1030,cJQfLysSaYhvv3yueXdqGQ
10,DAI2ZZAL3,08/12/2016 12:00:00 AM,KITTY'S SNOW CONES,99,A,1,ROUTINE INSPECTION,EE0000360,OLVERA ST 2,LOS ANGELES,FA0032527,CA,90012,OW0022643,"LYNN, KATHERINE M",RESTAURANT (0-30) SEATS MODERATE RISK,1631,KITTY'S SNOW CONES,ACTIVE,PR0029981,['Ice Cream & Frozen Yogurt'],False,34.0570224076509,-118.238337412477,blank,2.0,2,nFp4iUl9PJiHoSyjZiy9Hw
11,DARH9C0GM,08/12/2016 12:00:00 AM,FICKLE TEA LOUNGE,92,A,1,ROUTINE INSPECTION,EE0000869,3726 W 6TH ST,LOS ANGELES,FA0224669,CA,90020,OW0229186,FICKLE TEA LOUNGE LLC,RESTAURANT (0-30) SEATS MODERATE RISK,1631,FICKLE TEA LOUNGE,INACTIVE,PR0179925,"['Tea Rooms', 'Coffee & Tea']",True,34.0634195,-118.3035336,$,4.0,29,o8tZ5F8ycL20HTQ9QEXlCw
12,DA556CSI2,08/12/2016 12:00:00 AM,CALIFORNIA STEAK AND FRIES,94,A,1,ROUTINE INSPECTION,EE0000176,3745 S LA BREA AVE STE B,LOS ANGELES,FA0059006,CA,90016,OW0001991,ALAMAD JAWAD A,RESTAURANT (0-30) SEATS HIGH RISK,1632,CALIFORNIA STEAK AND FRIES,ACTIVE,PR0006337,['Sandwiches'],False,34.0191709,-118.3557249,$,2.5,83,OJKmQP4OqZ5YL73qk6FQCw
13,DATIRP0BS,08/12/2016 12:00:00 AM,JACK IN THE BOX #3378,97,A,1,ROUTINE INSPECTION,EE0000360,516 N BEAUDRY AVE,LOS ANGELES,FA0018424,CA,90012,OW0017276,"JACK IN THE BOX, INC",RESTAURANT (31-60) SEATS MODERATE RISK,1634,JACK IN THE BOX #3378,ACTIVE,PR0043747,['Fast Food'],False,34.064694,-118.24922,$,2.5,45,JEdAusXDHhlHTRHt58TtBQ
14,DA6TLQCSS,08/12/2016 12:00:00 AM,CJ'S CAFE BALDWIN HILLS,91,A,1,ROUTINE INSPECTION,EE0000176,3655 S LA BREA AVE,LOS ANGELES,FA0059924,CA,90016,OW0027250,"PADILLA, JESSICA, ET AL",RESTAURANT (61-150) SEATS HIGH RISK,1638,CJ'S CAFE BALDWIN HILLS,ACTIVE,PR0024675,"['Soul Food', 'Breakfast & Brunch', 'Mexican']",False,34.01996,-118.356109,$$,3.5,178,8wqqb7wTWM-LvTVNDmXhoA
15,DAOJNNK3Q,08/12/2016 12:00:00 AM,BOYS BURGERS NO.1,96,A,1,ROUTINE INSPECTION,EE0000799,1774 E FLORENCE AVE,LOS ANGELES,FA0225945,CA,90001,OW0230147,"PACIFIC BOYS, INC.",RESTAURANT (0-30) SEATS HIGH RISK,1632,BOYS BURGERS NO.1,ACTIVE,PR0181264,['Burgers'],False,33.97441,-118.24087,$,4.0,57,f-qcXHRedFf-p3tZEAojtw
16,DAH1OHPIN,06/30/2016 12:00:00 AM,BOY'S BURGERS,93,A,1,ROUTINE INSPECTION,EE0000799,1774 E FLORENCE AVE,LOS ANGELES,FA0010600,CA,90001,OW0010140,"DJOKOVIC, CANO",RESTAURANT (0-30) SEATS HIGH RISK,1632,BOY'S BURGERS,INACTIVE,PR0001592,['Burgers'],False,33.97441,-118.24087,$,4.0,57,f-qcXHRedFf-p3tZEAojtw
17,DAD0QI3XR,08/12/2016 12:00:00 AM,SUBWAY #50477,98,A,1,ROUTINE INSPECTION,EE0000709,1813 N CAHUENGA BLVD,LOS ANGELES,FA0049826,CA,90028,OW0010145,DKU CORPORATION,RESTAURANT (0-30) SEATS MODERATE RISK,1631,SUBWAY #50477,ACTIVE,PR0039917,"['Sandwiches', 'Fast Food']",False,34.1042859,-118.3300475,$,2.0,18,nGEq3zA0AMRC5zngpJD4AQ
18,DA0Q01PYB,08/12/2016 12:00:00 AM,MAGNOLIA,83,B,1,ROUTINE INSPECTION,EE0000709,6266 1/2 W SUNSET BLVD,LOS ANGELES,FA0038126,CA,90028,OW0029062,"PROLIFIC PARTNERS, INC",RESTAURANT (61-150) SEATS HIGH RISK,1638,MAGNOLIA,INACTIVE,PR0039672,"['American (New)', 'Lounges']",True,34.09795,-118.32616,$$,3.5,475,m0i2pDx6fRyx0TVHFo1upA
19,DA0OXWA04,08/12/2016 12:00:00 AM,SAN FRANCISCO SALOON,93,A,401,OWNER INITIATED ROUTINE INSPECT.,EE0000338,11501 W PICO BLVD,LOS ANGELES,FA0046862,CA,90064,OW0004173,"BEACH, DON/BRUCE",RESTAURANT (61-150) SEATS HIGH RISK,1638,SAN FRANCISCO SALOON,ACTIVE,PR0001955,"['Sports Bars', 'American (Traditional)']",False,34.033323,-118.442942,$$,3.5,403,SVM8b2lwtCb-HC4eK-DGlw
20,DA8WFY7I1,07/20/2016 12:00:00 AM,SAN FRANCISCO SALOON,83,B,1,ROUTINE INSPECTION,EE0000338,11501 W PICO BLVD,LOS ANGELES,FA0046862,CA,90064,OW0004173,"BEACH, DON/BRUCE",RESTAURANT (61-150) SEATS HIGH RISK,1638,SAN FRANCISCO SALOON,ACTIVE,PR0001955,"['Sports Bars', 'American (Traditional)']",False,34.033323,-118.442942,$$,3.5,403,SVM8b2lwtCb-HC4eK-DGlw
21,DALYLSTAK,08/12/2016 12:00:00 AM,GALLERIA TONKATSU,94,A,1,ROUTINE INSPECTION,EE0000884,3250 W OLYMPIC BLVD STE #307,LOS ANGELES,FA0024370,CA,90006,OW0012655,GALLERIA TONKATSU INC,RESTAURANT (0-30) SEATS HIGH RISK,1632,GALLERIA TONKATSU,ACTIVE,PR0028308,['Korean'],False,34.0521202087402,-118.308471679688,$$,4.0,23,qHlG2Rp15XYoh-vhPkpR_Q
22,DA1EMRL76,08/12/2016 12:00:00 AM,THE PAAN,90,A,1,ROUTINE INSPECTION,EE0000869,3732 W 6TH ST,LOS ANGELES,FA0174339,CA,90020,OW0181024,LIMMARU INC.,RESTAURANT (61-150) SEATS HIGH RISK,1638,THE PAAN,ACTIVE,PR0167238,"['Korean', 'Barbeque']",True,34.0634183,-118.3036439,$$,4.5,324,sKBvXPG5tf9HM3_d4fipUw
23,DA3PMNJWF,08/12/2016 12:00:00 AM,MCDONALD'S,95,A,1,ROUTINE INSPECTION,EE0000176,3602 S LA BREA AVE,LOS ANGELES,FA0024262,CA,90016,OW0003310,"ATKA ENTERPRISES, INC.",RESTAURANT (61-150) SEATS HIGH RISK,1638,MCDONALD'S,ACTIVE,PR0004814,"['Fast Food', 'Burgers', 'Coffee & Tea']",False,34.0213267,-118.3554651,$,2.0,41,Kiotb9tTJYt_usX1FYtiYg
24,DARRA6DV5,08/12/2016 12:00:00 AM,COLISEO PIZZERIA,93,A,1,ROUTINE INSPECTION,EE0000176,3745 S LA BREA AVE STE A,LOS ANGELES,FA0175743,CA,90016,OW0182240,"COLISEO PIZZERIA , ET AL",RESTAURANT (0-30) SEATS HIGH RISK,1632,COLISEO PIZZERIA,ACTIVE,PR0168947,"['Italian', 'Pizza']",False,34.0186768438824,-118.355923779309,$,4.0,102,2CkCIbnv--KOAZ34c8seDg
25,DAVSOLX3P,08/12/2016 12:00:00 AM,OUMI SUSHI @ SPROUTS,94,A,1,ROUTINE INSPECTION,EE0000726,915 N LA BREA AVE,LOS ANGELES,FA0222203,CA,90038,OW0022586,LWIN FAMILY CO.,RESTAURANT (0-30) SEATS HIGH RISK,1632,OUMI SUSHI @ SPROUTS,ACTIVE,PR0177184,"['Grocery', 'Farmers Market', 'Health Markets']",False,34.0874064178075,-118.3443242,$$,3.5,180,Nmc5DltWDHSFWwkFRGPzrQ
26,DAVSOLX3P,08/12/2016 12:00:00 AM,OUMI SUSHI @ SPROUTS,94,A,1,ROUTINE INSPECTION,EE0000726,915 N LA BREA AVE,LOS ANGELES,FA0222203,CA,90038,OW0022586,LWIN FAMILY CO.,RESTAURANT (0-30) SEATS HIGH RISK,1632,OUMI SUSHI @ SPROUTS,ACTIVE,PR0177184,"['Grocery', 'Farmers Market', 'Health Markets']",False,34.0874064178075,-118.3443242,$$,3.5,180,Nmc5DltWDHSFWwkFRGPzrQ
27,DAIGSNAND,08/12/2016 12:00:00 AM,SPROUTS FARMERS MARKET,95,A,1,ROUTINE INSPECTION,EE0000726,915 N LA BREA AVE,LOS ANGELES,FA0222786,CA,90038,OW0033830,"SPROUTS, INC.",RESTAURANT (0-30) SEATS MODERATE RISK,1631,SPROUTS- COFFEE & JUICE BAR,ACTIVE,PR0177987,"['Grocery', 'Farmers Market', 'Health Markets']",False,34.0874064178075,-118.3443242,$$,3.5,180,Nmc5DltWDHSFWwkFRGPzrQ
28,DAIGSNAND,08/12/2016 12:00:00 AM,SPROUTS FARMERS MARKET,95,A,1,ROUTINE INSPECTION,EE0000726,915 N LA BREA AVE,LOS ANGELES,FA0222786,CA,90038,OW0033830,"SPROUTS, INC.",RESTAURANT (0-30) SEATS MODERATE RISK,1631,SPROUTS- COFFEE & JUICE BAR,ACTIVE,PR0177987,"['Grocery', 'Farmers Market', 'Health Markets']",False,34.0874064178075,-118.3443242,$$,3.5,180,Nmc5DltWDHSFWwkFRGPzrQ
29,DAKWVAZZK,08/12/2016 12:00:00 AM,ASAHI RAMEN,95,A,401,OWNER INITIATED ROUTINE INSPECT.,EE0000684,2027 SAWTELLE BLVD,LOS ANGELES,FA0007409,CA,90025,OW0038575,WELLBEING FOOD INC.,RESTAURANT (31-60) SEATS HIGH RISK,1635,ASAHI RAMEN,INACTIVE,PR0007436,['Ramen'],True,34.040196,-118.443208,$,3.5,655,CDMLO4R8rBrBGwbgyR-12g
30,DAT50LXXH,08/03/2016 12:00:00 AM,ASAHI RAMEN,84,B,1,ROUTINE INSPECTION,EE0000684,2027 SAWTELLE BLVD,LOS ANGELES,FA0007409,CA,90025,OW0038575,WELLBEING FOOD INC.,RESTAURANT (31-60) SEATS HIGH RISK,1635,ASAHI RAMEN,INACTIVE,PR0007436,['Ramen'],True,34.040196,-118.443208,$,3.5,655,CDMLO4R8rBrBGwbgyR-12g
31,DAXJNSQIY,08/12/2016 12:00:00 AM,SAIGON DELI,90,A,1,ROUTINE INSPECTION,EE0000360,828 N BROADWAY #1,LOS ANGELES,FA0138493,CA,90012,OW0101842,"TRAN, TRAVIS",RESTAURANT (0-30) SEATS MODERATE RISK,1631,SAIGON DELI,ACTIVE,PR0122818,"['Vietnamese', 'Sandwiches']",False,34.06305,-118.2374,$,3.5,17,O6mlAS1UnRFefT67G57JJA
32,DA0Y7OQZA,08/12/2016 12:00:00 AM,SUBWAY,95,A,1,ROUTINE INSPECTION,EE0000176,2601 S LA BREA AVE,LOS ANGELES,FA0071172,CA,90016,OW0038300,WAHEGURU SUBWAY INC.,RESTAURANT (0-30) SEATS MODERATE RISK,1631,SUBWAY,ACTIVE,PR0045895,"['Sandwiches', 'Fast Food']",False,34.0322482,-118.3515703,$,1.5,11,JkfXeI0PHIEi5FQ14cTKAQ
33,DAZUPBNZI,08/12/2016 12:00:00 AM,DEL TACO #976,93,A,1,ROUTINE INSPECTION,EE0000176,3552 S LA BREA AVE,LOS ANGELES,FA0010919,CA,90016,OW0009661,DEL TACO INC,RESTAURANT (61-150) SEATS MODERATE RISK,1637,DEL TACO #976,ACTIVE,PR0017228,"['Fast Food', 'Mexican']",False,34.0218189081909,-118.355248703086,$,2.5,50,gN01F2BXNga-K3EMC6QS0Q
34,DAKAZLBBW,08/12/2016 12:00:00 AM,THE WAFFLE,90,A,1,ROUTINE INSPECTION,EE0000709,6255 W SUNSET BLVD STE #105,LOS ANGELES,FA0051830,CA,90028,OW0035796,"THE WAFFLE, LLC",RESTAURANT (61-150) SEATS HIGH RISK,1638,THE WAFFLE,ACTIVE,PR0010922,"['American (New)', 'Breakfast & Brunch', 'Waffles']",False,34.0982366768601,-118.325743215344,$$,3.5,1494,3mGaY3IALyBzwM5oue6CLQ
35,DALJ79CZH,08/12/2016 12:00:00 AM,NEW PANDA BUFFET,97,A,1,ROUTINE INSPECTION,EE0000176,5120 RODEO RD,LOS ANGELES,FA0041429,CA,90016,OW0100335,FOUR ISLAND US INC.,RESTAURANT (151 + ) SEATS HIGH RISK,1641,NEW PANDA BUFFET,ACTIVE,PR0045288,"['Buffets', 'Chinese', 'Salad']",False,34.021193,-118.356604,$,2.5,142,cwxIQoOqYdUJygIOpfIx-Q
36,DAFE6IM0O,07/05/2016 12:00:00 AM,NEW PANDA BUFFET,96,A,1,ROUTINE INSPECTION,EE0000176,5120 RODEO RD,LOS ANGELES,FA0041429,CA,90016,OW0100335,FOUR ISLAND US INC.,RESTAURANT (151 + ) SEATS HIGH RISK,1641,NEW PANDA BUFFET,ACTIVE,PR0045288,"['Buffets', 'Chinese', 'Salad']",False,34.021193,-118.356604,$,2.5,142,cwxIQoOqYdUJygIOpfIx-Q
37,DAMOEI4XV,08/12/2016 12:00:00 AM,THE VILLAGE IDIOT,94,A,1,ROUTINE INSPECTION,EE0000951,7383 MELROSE AVE,LOS ANGELES,FA0051821,CA,90046,OW0036741,"TVI INTERPRISES, LLC",RESTAURANT (61-150) SEATS HIGH RISK,1638,THE VILLAGE IDIOT,ACTIVE,PR0011450,"['American (New)', 'Pubs']",False,34.083728207846,-118.350996084213,$$,3.5,1155,bL8ypAeHQR1VOZLFgmSR7g
38,DAPHS41BQ,08/12/2016 12:00:00 AM,FISH TOWN OUTLET,92,A,1,ROUTINE INSPECTION,EE0000176,3723 S LA BREA AVE,LOS ANGELES,FA0062094,CA,90016,OW0019376,"KIM, KYLE K",RESTAURANT (0-30) SEATS HIGH RISK,1632,FISH TOWN OUTLET,ACTIVE,PR0024398,['Seafood'],False,34.0211051,-118.3557349,$,3.0,32,nTD0tLcQ25NEXarNonHu9w
39,DASMDHOCG,08/12/2016 12:00:00 AM,BLUE C SUSHI,98,A,1,ROUTINE INSPECTION,EE0000709,6374 W SUNSET BLVD unit B,LOS ANGELES,FA0160479,CA,90028,OW0125441,BLUE C CALIFORNIA INC,RESTAURANT (61-150) SEATS HIGH RISK,1638,BLUE C SUSHI,ACTIVE,PR0148567,['Conveyor Belt Sushi'],False,34.0977226636319,-118.328453362658,$$,3.5,438,9nOfyJebgtj-NmaACdoYgg
40,DAJPAVI05,08/12/2016 12:00:00 AM,PAPILLON INTERNATIONAL BAKERY,95,A,1,ROUTINE INSPECTION,EE0000846,5019 W HOLLYWOOD BLVD,LOS ANGELES,FA0137484,CA,90027,OW0100511,"GLENDALE FRENCH BREAD BAKERY, INC.",RESTAURANT (0-30) SEATS HIGH RISK,1632,PAPILLON INTERNATIONAL BAKERY,ACTIVE,PR0121577,"['Bakeries', 'Patisserie/Cake Shop']",False,34.1018616334339,-118.298906411245,$,4.5,280,HMLmVDW9F92nSzeAAZ7mFg
41,DAYV0ULLU,08/12/2016 12:00:00 AM,HAKATA RAMEN SHIN SEN GUMI,95,A,1,ROUTINE INSPECTION,EE0001058,132 S CENTRAL AVE,LOS ANGELES,FA0063142,CA,90012,OW0020015,KS WORLD INC,RESTAURANT (31-60) SEATS HIGH RISK,1635,HAKATA RAMEN SHIN SEN GUMI,ACTIVE,PR0029243,"['Ramen', 'Japanese Curry', 'Tapas/Small Plates']",False,34.0484525,-118.2390921,$$,4.0,2317,jqS3dVaCYeBehb3tOiWWbQ
42,DACKITIVJ,08/12/2016 12:00:00 AM,MANNARIA,91,A,1,ROUTINE INSPECTION,EE0000884,3250 W OLYMPIC BLVD #308,LOS ANGELES,FA0160239,CA,90006,OW0125214,JAMES JISOO LEE,RESTAURANT (0-30) SEATS HIGH RISK,1632,MANNARIA,INACTIVE,PR0148329,"['Korean', 'Burgers']",True,34.05244,-118.30773,$,4.0,45,vE3o8RulOxQce3sZSw6PcQ
43,DA23GJ0DC,08/12/2016 12:00:00 AM,STARBUCKS COFFEE #6557,97,A,1,ROUTINE INSPECTION,EE0001058,138 S CENTRAL AVE,LOS ANGELES,FA0049360,CA,90012,OW0033938,STARBUCKS COFFEE CORPORATION,RESTAURANT (31-60) SEATS LOW RISK,1633,STARBUCKS,ACTIVE,PR0044361,['Coffee & Tea'],False,34.0484092,-118.2390971,$,3.0,193,mpfQPJ6hStmmlsaYT2on2w
44,DAKHLUAID,08/12/2016 12:00:00 AM,BIG MAMAS & PAPA'S/MARIPOSA,97,A,1,ROUTINE INSPECTION,EE0000846,5051 HOLLYWOOD BLVD,LOS ANGELES,FA0005627,CA,90027,OW0032435,SHANI AND SANI INC.,RESTAURANT (0-30) SEATS MODERATE RISK,1631,BIG MAMAS & PAPA'S/MARIPOSA,ACTIVE,PR0047285,"['Pizza', 'Salad', 'Sandwiches']",False,34.1019337585995,-118.299603669644,$,3.0,174,Q5eZoJohAJGUJuzgm35aCw
45,DAKZ3QRGY,08/12/2016 12:00:00 AM,KURA REVOLVING SUSHI BAR,90,A,1,ROUTINE INSPECTION,EE0000338,2130 SAWTELLE BLVD #111,LOS ANGELES,FA0137505,CA,90025-6268,OW0020044,KULA SUSHI USA INC.,RESTAURANT (0-30) SEATS HIGH RISK,1632,KURA REVOLVING SUSHI BAR,ACTIVE,PR0121605,"['Sushi Bars', 'Conveyor Belt Sushi']",False,34.0394074380886,-118.441750932541,$$,3.5,726,qPYRMRg1kHz3wek8hancrA
46,DAK5RPXFO,08/12/2016 12:00:00 AM,JOHNNY ROCKETS,92,A,1,ROUTINE INSPECTION,EE0001058,131 S CENTRAL AVE,LOS ANGELES,FA0030750,CA,90012,OW0017985,"JR BH GROUP, INC.",RESTAURANT (31-60) SEATS HIGH RISK,1635,JOHNNY ROCKETS,ACTIVE,PR0005654,"['Burgers', 'Sandwiches', 'Diners']",False,34.0482265096677,-118.239468496778,$$,3.0,77,a-JlJ4CjhuHZWaxd75mKbw
47,DAHZZQLLM,07/26/2016 12:00:00 AM,TWINKLE BROWN SUGAR,94,A,1,ROUTINE INSPECTION,EE0001058,131 S CENTRAL AVE,LOS ANGELES,FA0166144,CA,90012,OW0124314,"TVC INDUSTRIAL, INC",RESTAURANT (0-30) SEATS LOW RISK,1630,TWINKLE BROWN SUGAR,ACTIVE,PR0156395,"['Burgers', 'Sandwiches', 'Diners']",False,34.0482265096677,-118.239468496778,$$,3.0,77,a-JlJ4CjhuHZWaxd75mKbw
48,DAI6KM0EL,08/11/2016 12:00:00 AM,MR BOSSAM,90,A,1,ROUTINE INSPECTION,EE0000869,338 S WESTERN AVE # A-B,LOS ANGELES,FA0165716,CA,90020,OW0128962,ABBA TRADING CORP.,RESTAURANT (61-150) SEATS HIGH RISK,1638,MR BOSSAM,ACTIVE,PR0154051,['Korean'],False,34.067756012401,-118.308878212251,$$,4.0,506,YVbO3FENQQzcDwxtlrR1Iw
49,DAONT0PDX,08/11/2016 12:00:00 AM,DER WIENERSCHNITZEL,91,A,1,ROUTINE INSPECTION,EE0000905,3789 S CRENSHAW BLVD,LOS ANGELES,FA0018506,CA,90016,OW0026624,"OH,CHUN LAN",RESTAURANT (0-30) SEATS MODERATE RISK,1631,DER WIENERSCHNITZEL,ACTIVE,PR0005740,"['Fast Food', 'Hot Dogs', 'Sandwiches']",False,34.0174,-118.33561,$,2.5,23,vw78AWl8xSej-dT801tTtg
50,DABMDSEWS,08/11/2016 12:00:00 AM,THE BLACK SHEEP,90,A,1,ROUTINE INSPECTION,EE0000721,126 E 6TH ST,LOS ANGELES,FA0173873,CA,90014,OW0180623,HD ENTERTAINMENT GROUP LLC,RESTAURANT (31-60) SEATS HIGH RISK,1635,THE BLACK SHEEP,ACTIVE,PR0166686,"['Pubs', 'Gastropubs', 'Burgers']",False,34.0447654724121,-118.249443054199,$$,4.0,987,OUvSg5Z9VI7APmaAdqyWVQ
51,DA0YWTNVK,08/11/2016 12:00:00 AM,DETENTION CAFE,98,A,1,ROUTINE INSPECTION,EE0000951,7801 MELROSE AVE STE #1A,LOS ANGELES,FA0011077,CA,90046,OW0024158,MELVID INC.,RESTAURANT (0-30) SEATS MODERATE RISK,1631,DETENTION CAFE,ACTIVE,PR0010071,"['Cafes', 'Ice Cream & Frozen Yogurt']",False,34.08404,-118.35962,$,4.0,31,FMYXrYd38xtPB9q4fXssSQ
52,DAU1DAQ4B,08/11/2016 12:00:00 AM,YOGURTLAND USC GATEWAY,96,A,1,ROUTINE INSPECTION,EE0000594,3335 S FIGUEROA ST STE K,LOS ANGELES,FA0041743,CA,90007,OW0039769,YOGURTLAND INC.,RESTAURANT (0-30) SEATS MODERATE RISK,1631,YOGURTLAND USC GATEWAY,ACTIVE,PR0034272,['Ice Cream & Frozen Yogurt'],False,34.02300933636,-118.27950081021,$,4.0,148,gYMhUx_NSheqhvD3agJ8fg
53,DAQB9RI0R,08/11/2016 12:00:00 AM,DENNY'S INC #1728,95,A,1,ROUTINE INSPECTION,EE0000709,6100 SUNSET BLVD,LOS ANGELES,FA0010983,CA,90028,OW0009769,DENNY'S INC,RESTAURANT (61-150) SEATS HIGH RISK,1638,DENNY'S INC #1728,ACTIVE,PR0004378,"['Diners', 'American (Traditional)', 'Breakfast & Brunch']",False,34.0978061928856,-118.322641253471,$,2.5,225,v7MXX-BYSRNZTECAPotdkA
54,DA6YIXJB0,08/11/2016 12:00:00 AM,TANG'S DONUTS,90,A,1,ROUTINE INSPECTION,EE0000697,5831 FRANKLIN AVE,LOS ANGELES,FA0175366,CA,90028,OW0181925,PHANY YIT,RESTAURANT (0-30) SEATS MODERATE RISK,1631,TANG'S DONUTS,ACTIVE,PR0168506,"['Donuts', 'Sandwiches']",False,34.1053949,-118.3166579,$,3.5,35,qsK55jSm6r2uHoU0NuViEw
55,DA7TGDEBV,08/11/2016 12:00:00 AM,WABA GRILL,99,A,1,ROUTINE INSPECTION,EE0000923,3113 N SAN FERNANDO RD,LOS ANGELES,FA0166586,CA,90065,OW0129704,DANIEL AND IRENE CORPORATION,RESTAURANT (61-150) SEATS HIGH RISK,1638,WABA GRILL,ACTIVE,PR0156902,"['Fast Food', 'Asian Fusion']",False,34.1151762,-118.2459533,$,3.5,44,TfVLSE9Uc3d76h1de9qesg
56,DAXZPI1T5,08/11/2016 12:00:00 AM,TUPANYOU PIZZA #1,97,A,1,ROUTINE INSPECTION,EE0000531,3129 W 8TH ST,LOS ANGELES,FA0166778,CA,90005,OW0129878,STELLMONT GROUP CORP,RESTAURANT (0-30) SEATS HIGH RISK,1632,TUPANYOU PIZZA # 1,ACTIVE,PR0157101,['Pizza'],True,34.0578993782334,-118.295266628265,$,3.0,20,MYCXs79NxB_NKp-YoppNNA
57,DAQHDON3D,08/11/2016 12:00:00 AM,MS DONUTS,95,A,1,ROUTINE INSPECTION,EE0000923,1353 GLENDALE BLVD,LOS ANGELES,FA0225852,CA,90026,OW0230070,SOPHANY TY,RESTAURANT (0-30) SEATS MODERATE RISK,1631,MS DONUTS,ACTIVE,PR0181173,"['Donuts', 'Sandwiches', 'Coffee & Tea']",False,34.07976,-118.26054,$,4.5,70,abHewSmVZUlVs_syOCU7Vw
58,DAI1R8KVG,08/11/2016 12:00:00 AM,LOCALI,92,A,1,ROUTINE INSPECTION,EE0000697,5825 FRANKLIN AVE,LOS ANGELES,FA0035550,CA,90028,OW0016355,HOROS LLC.,RESTAURANT (0-30) SEATS MODERATE RISK,1631,LOCALI,ACTIVE,PR0045614,"['Sandwiches', 'Health Markets', 'Delis']",False,34.1054271303384,-118.316209361902,$$,4.0,382,wEWtiksMz8o6IqAotGDzRQ
59,DAGO2AIDQ,08/11/2016 12:00:00 AM,JANGCHUNG PYUNGANDO JOKBAL,100,A,1,ROUTINE INSPECTION,EE0000884,2716 W OLYMPIC BLVD # 104,LOS ANGELES,FA0177839,CA,90006,OW0183733,"JC JOKBAL, INC",RESTAURANT (61-150) SEATS HIGH RISK,1638,JANGCHUNG PYUNGANDO JOKBAL,ACTIVE,PR0170908,['Korean'],False,34.0521579914556,-118.2921982,$$,4.0,17,S8rXjn2aMaoONx468cWRag
60,DAR9GLTMN,08/03/2016 12:00:00 AM,JANGCHUNG PYUNGANDO JOKBAL,93,A,1,ROUTINE INSPECTION,EE0000884,2716 W OLYMPIC BLVD # 104,LOS ANGELES,FA0177839,CA,90006,OW0183733,"JC JOKBAL, INC",RESTAURANT (61-150) SEATS HIGH RISK,1638,JANGCHUNG PYUNGANDO JOKBAL,ACTIVE,PR0170908,['Korean'],False,34.0521579914556,-118.2921982,$$,4.0,17,S8rXjn2aMaoONx468cWRag
61,DAEQ13QOX,08/11/2016 12:00:00 AM,MESSOB ETHIOPIAN RESTAURANT,97,A,1,ROUTINE INSPECTION,EE0000853,1039 S FAIRFAX AVE,LOS ANGELES,FA0039007,CA,90019,OW0003189,"ASFAW, BERHANU",RESTAURANT (61-150) SEATS HIGH RISK,1638,MESSOB ETHIOPIAN RESTAURANT,ACTIVE,PR0012240,"['Ethiopian', 'Vegan']",False,34.05699,-118.36469,$$,4.0,662,fEFkf7jYjaWfyil0DjOuIw
62,DA9BKTPZD,08/11/2016 12:00:00 AM,SAN VICENTE RESTAURANT,92,A,1,ROUTINE INSPECTION,EE0000884,3071 W PICO BLVD,LOS ANGELES,FA0222362,CA,90006,OW0227215,ROSA CELINA LOPEZ,RESTAURANT (0-30) SEATS HIGH RISK,1632,SAN VICENTE RESTAURANT,ACTIVE,PR0177363,['Latin American'],False,34.04746,-118.30819,blank,5.0,1,ruGhix2j0L3j8b7jlXsL5g
63,DAUOQ7R0G,08/11/2016 12:00:00 AM,RODOLFO'S RESTAURANT,85,B,1,ROUTINE INSPECTION,EE0000360,OLVERA ST 5,LOS ANGELES,FA0069687,CA,90012,OW0022138,LOPEZ SYLVIA MARIE,RESTAURANT (0-30) SEATS MODERATE RISK,1631,RODOLFO'S RESTAURANT,INACTIVE,PR0036738,['Mexican'],True,34.0574262,-118.2380736,$,3.5,37,OO0h-Cat9vwg3IhDqcn2Sw
64,DAANNBL5X,08/11/2016 12:00:00 AM,H MART LOS ANGELES,90,A,1,ROUTINE INSPECTION,EE0000869,621 S WESTERN AVE #G03,LOS ANGELES,FA0164923,CA,90005,OW0128224,"H MART LOS ANGELES, LLC",RESTAURANT (31-60) SEATS HIGH RISK,1635,SUSHI BOY AT H MART,ACTIVE,PR0153215,"['Japanese', 'Sushi Bars']",True,34.0627195710841,-118.309431599088,$,2.5,7,VY47YNoziXamEnfTL3wZlg
65,DAT0BVGAY,08/11/2016 12:00:00 AM,MY DUNG SANDWICH SHOP,93,A,1,ROUTINE INSPECTION,EE0000360,314 ORD ST,LOS ANGELES,FA0067355,CA,90012,OW0025955,"NGO, LY THI CHI",RESTAURANT (0-30) SEATS MODERATE RISK,1631,MY DUNG SANDWICH SHOP,ACTIVE,PR0019262,"['Sandwiches', 'Vietnamese']",False,34.0601401982294,-118.238860015227,$,4.5,83,jrRMueuUYTHx94B80qio9g
66,DAMSDZBFV,08/11/2016 12:00:00 AM,SASABUNE,92,A,1,ROUTINE INSPECTION,EE0000727,11917 WILSHIRE BLVD,LOS ANGELES,FA0137900,CA,90025,OW0101240,"SASABUNE, INC.",RESTAURANT (31-60) SEATS HIGH RISK,1635,SASABUNE,ACTIVE,PR0122097,"['Sushi Bars', 'Japanese']",False,34.04683,-118.46468,$$$$,4.5,952,hiagfbPISp5nQ97lGzeLUw
67,DA9DGKZF5,08/11/2016 12:00:00 AM,RAHEL VEGGIE CUISINE,92,A,1,ROUTINE INSPECTION,EE0000853,1047 S FAIRFAX AVE,LOS ANGELES,FA0045590,CA,90019,OW0039108,WOLDMEDHIN RAHEL,RESTAURANT (31-60) SEATS MODERATE RISK,1634,RAHEL VEGGIE CUISINE,INACTIVE,PR0044552,"['Ethiopian', 'Vegan']",False,34.05687,-118.36475,$$,4.0,517,_P9Z5biFHuCFDIvKI83W_A
68,DAO16RBNY,08/11/2016 12:00:00 AM,LA GOLONDRINA,90,A,1,ROUTINE INSPECTION,EE0000360,OLVERA ST W17,LOS ANGELES,FA0033267,CA,90012,OW0005027,"BONZO, VIVIEN",RESTAURANT (151 + ) SEATS HIGH RISK,1641,LA GOLONDRINA,ACTIVE,PR0012025,"['Mexican', 'Venues & Event Spaces', 'Bars']",False,34.0571939,-118.2384039,$$,3.5,769,EcWhh6JiQo7xkH70NPLGtw
69,DAW0LZZVJ,08/11/2016 12:00:00 AM,PAIK'S NOODLE,85,B,1,ROUTINE INSPECTION,EE0000699,3470 W 6TH ST # 11,LOS ANGELES,FA0159250,CA,90020,OW0124268,"NOODLE J-1, INC.",RESTAURANT (61-150) SEATS HIGH RISK,1638,PAIK'S NOODLE,ACTIVE,PR0147314,"['Korean', 'Noodles', 'Chinese']",False,34.0627958200304,-118.297739280426,$,4.0,213,WWQsHGIFUkNQF6Uaj4vXCw
70,DAX0QZWGR,08/11/2016 12:00:00 AM,TACO LOVE,91,A,1,ROUTINE INSPECTION,EE0000838,7980 SUNSET BLVD,LOS ANGELES,FA0014836,CA,90046,OW0101269,"TACO LOVE, LLC",RESTAURANT (0-30) SEATS HIGH RISK,1632,TACO LOVE,INACTIVE,PR0011464,['Mexican'],True,34.0976179554284,-118.364213146269,$,3.5,320,V-XZzuK_ELzaBUMvXKE0Dw
71,DAMU8Y0MG,08/11/2016 12:00:00 AM,THE COFFEE BEAN & TEA LEAF,90,A,1,ROUTINE INSPECTION,EE0000911,950 WESTWOOD BLVD,LOS ANGELES,FA0037031,CA,90024,OW0017025,INTERNATIONAL COFFEE & TEA LLC,RESTAURANT (0-30) SEATS LOW RISK,1630,THE COFFEE BEAN & TEA LEAF,ACTIVE,PR0047555,['Coffee & Tea'],False,34.0631044,-118.4451376,$,3.0,92,TjcXl6QUJxb5kdcpTzYUOw
72,DALSMHFKL,08/11/2016 12:00:00 AM,FRITZI COOP,92,A,1,ROUTINE INSPECTION,EE0000468,6333 W 3RD ST STE #742,LOS ANGELES,FA0014427,CA,90048,OW0012406,FRITZI DOG INVESTMENT CO LLC,RESTAURANT (0-30) SEATS MODERATE RISK,1631,FRITZI COOP,ACTIVE,PR0013717,"['Chicken Wings', 'American (Traditional)']",False,34.0722,-118.36037,$$,3.5,161,3BcADDsA0RfJT78Af6nzYg
73,DAC0KLGYR,08/11/2016 12:00:00 AM,MOCHA CAFE,94,A,1,ROUTINE INSPECTION,EE0000531,695 S VERMONT AVE # 106,LOS ANGELES,FA0067091,CA,90005,OW0024713,"MOCHA CAFE, INC.",RESTAURANT (0-30) SEATS MODERATE RISK,1631,MOCHA CAFE,INACTIVE,PR0044258,"['Sandwiches', 'Juice Bars & Smoothies']",False,34.0600465983152,-118.291691243649,blank,2.5,3,e3tFBFojJNBmpkCigk1h0Q
74,DAFFTVH7N,08/11/2016 12:00:00 AM,CHUNGSIL HONGSIL,95,A,1,ROUTINE INSPECTION,EE0000869,338 S WESTERN AVE # D-E,LOS ANGELES,FA0202872,CA,90020,OW0208156,CHUNGSIL HONGSIL INC,RESTAURANT (31-60) SEATS HIGH RISK,1635,CHUNGSIL HONGSIL,INACTIVE,PR0175166,"['Korean', 'Soup', 'Noodles']",True,34.0678234086923,-118.308742046356,$,4.5,62,ifbWgdLEYOQOnapV975Vcg
75,DAV8E3OZP,08/11/2016 12:00:00 AM,JACK IN THE BOX # 279,90,A,1,ROUTINE INSPECTION,EE0000798,1441 W MLK BLVD,LOS ANGELES,FA0029960,CA,90062,OW0035140,"TBS FOODS, INC.",RESTAURANT (0-30) SEATS MODERATE RISK,1631,JACK IN THE BOX,ACTIVE,PR0022302,"['Burgers', 'Fast Food']",False,34.0110855102539,-118.301582336426,$,2.5,16,LabVjXWRuqyLAGxhIawSDA
76,DA3RMWZQD,08/11/2016 12:00:00 AM,LAZY DAISY CAFE,95,A,1,ROUTINE INSPECTION,EE0000727,11913 WILSHIRE BLVD,LOS ANGELES,FA0021690,CA,90025,OW0020943,LAZY DAISY CAFE INC,RESTAURANT (31-60) SEATS HIGH RISK,1635,LAZY DAISY CAFE,ACTIVE,PR0044726,['Cafes'],False,34.0466521,-118.4644973,$$,3.5,194,yByY5hWFNzwj4Gb1xWQ2OA
77,DAFFDD70B,08/11/2016 12:00:00 AM,SUSHIKO,91,A,1,ROUTINE INSPECTION,EE0000727,9340 W PICO BLVD B&C,LOS ANGELES,FA0050534,CA,90035,OW0034549,"SUSHIKO BAR, INC.",RESTAURANT (31-60) SEATS HIGH RISK,1635,SUSHIKO,ACTIVE,PR0028539,"['Sushi Bars', 'Kosher', 'Japanese']",False,34.05496,-118.39407,$$,4.0,187,kn0-q0kMnxqomhp05cNMPQ
78,DATKUSQBO,08/11/2016 12:00:00 AM,TEXIS RESTAURANT,87,B,1,ROUTINE INSPECTION,EE0000884,3087 W PICO BLVD # 4,LOS ANGELES,FA0179950,CA,90006,OW0185424,ANA GLORIA RAMOS VINDEL,RESTAURANT (0-30) SEATS HIGH RISK,1632,TEXIS RESTAURANT,ACTIVE,PR0173639,['Salvadoran'],False,34.0475,-118.30865,$$,3.0,2,dfpUP249ZI25-0e0O-1x1A
79,DAMMJK0AV,08/11/2016 12:00:00 AM,MAGEE'S KITCHEN,90,A,1,ROUTINE INSPECTION,EE0000468,6333 3RD ST,LOS ANGELES,FA0001320,CA,90036,OW0022850,"MAGEE,S B AND P H ET AL",RESTAURANT (0-30) SEATS HIGH RISK,1632,MAGEE'S KITCHEN,ACTIVE,PR0004406,"['Specialty Food', 'Delis']",False,34.072106821235,-118.360535515034,$$,3.5,144,tSYjARmVI_Q5zLUT-Uf05Q
80,DAASQ00RD,08/11/2016 12:00:00 AM,MARATHON RESTAURANT & CAFE,91,A,1,ROUTINE INSPECTION,EE0000853,1043 S FAIRFAX AVE,LOS ANGELES,FA0038479,CA,90019,OW0002073,"AHMED, SULEIMAN",RESTAURANT (0-30) SEATS HIGH RISK,1632,MARATHON RESTAURANT & CAFE,ACTIVE,PR0025175,['Ethiopian'],False,34.0569599,-118.36471,$$,4.0,25,08C7sCAYbK8vd8QVCcyYWw
81,DAGP3WSO2,08/11/2016 12:00:00 AM,TENDER GREENS,91,A,1,ROUTINE INSPECTION,EE0000911,1109 GLENDON AVE,LOS ANGELES,FA0226524,CA,90024,OW0179061,T.Y.P. RESTAURANT GROUP INC.,RESTAURANT (31-60) SEATS HIGH RISK,1635,TENDER GREENS,ACTIVE,PR0181865,"['American (New)', 'Salad', 'Sandwiches']",False,34.0605526405451,-118.444256703939,$$,4.0,190,EGurjnWLUvnWISF8e5vysg
82,DAOOT6XSM,08/11/2016 12:00:00 AM,STREET LEVEL CAFE,90,A,1,ROUTINE INSPECTION,EE0000923,1166 GLENDALE BLVD,LOS ANGELES,FA0225967,CA,90026,OW0230168,JULIO CEASAR DOUGLAS,RESTAURANT (0-30) SEATS MODERATE RISK,1631,STREET LEVEL CAFE,ACTIVE,PR0181290,"['Cafes', 'Coffee & Tea', 'Breakfast & Brunch']",False,34.0774076981254,-118.260757676197,$$,4.5,173,bs1e_IRYZcu__zo3gsrKsQ
83,DALSDN2YZ,08/11/2016 12:00:00 AM,PULGARCITO QUERIDO,94,A,1,ROUTINE INSPECTION,EE0000531,841 S VERMONT AVE,LOS ANGELES,FA0045271,CA,90005,OW0012045,"FLORES, ELIDA",RESTAURANT (0-30) SEATS HIGH RISK,1632,PULGARCITO QUERIDO,ACTIVE,PR0045640,"['Mexican', 'Salvadoran']",False,34.0565,-118.29201,blank,4.5,4,gP_E-EBq81rXSeh7-TXEcQ
84,DAMSMMHTT,08/11/2016 12:00:00 AM,SERRANO CAFE,90,A,1,ROUTINE INSPECTION,EE0000869,3699 WILSHIRE BLVD STE #140,LOS ANGELES,FA0032604,CA,90010,OW0008037,"CHUNG, CHUNGJAE",RESTAURANT (0-30) SEATS HIGH RISK,1632,SERRANO CAFE,ACTIVE,PR0033940,['Sandwiches'],False,34.0623016357422,-118.306205749512,$,2.0,28,1ZG_7ShfyR0es3385C3_vQ
85,DAKAOASWU,08/11/2016 12:00:00 AM,CAMPOS TACOS,94,A,1,ROUTINE INSPECTION,EE0000953,13322 W WASHINGTON BLVD,LOS ANGELES,FA0059078,CA,90066,OW0005779,"CALDERON, MANUEL CAMPOS",RESTAURANT (0-30) SEATS HIGH RISK,1632,CAMPOS TACOS,INACTIVE,PR0021076,['Tacos'],False,33.992726,-118.44276,$,3.5,66,Pvkng2HLGo5kYdPLeG7IQA
86,DAWMGNHIZ,08/11/2016 12:00:00 AM,WAHOO'S FISH TACO,94,A,1,ROUTINE INSPECTION,EE0000727,11911 WILSHIRE BLVD,LOS ANGELES,FA0073692,CA,90025,OW0021189,"LEE, EDWARDO",RESTAURANT (61-150) SEATS HIGH RISK,1638,WAHOO'S FISH TACO,ACTIVE,PR0021994,"['Mexican', 'Seafood']",False,34.0470771789551,-118.464393615723,$,3.5,191,ZwwrMynM4EznD8wsJ4uBxQ
87,DATUG0G84,08/11/2016 12:00:00 AM,PIMAI THAI CUISINE,90,A,1,ROUTINE INSPECTION,EE0000697,5833 FRANKLIN AVE,LOS ANGELES,FA0068684,CA,90028,OW0033115,SIRISUP INC.,RESTAURANT (31-60) SEATS HIGH RISK,1635,PIMAI THAI CUISINE,ACTIVE,PR0029797,['Thai'],False,34.105592,-118.316766,$$,4.0,437,-Gh7ATA3l3-3kaIRH9_G5w
88,DACXPAT8E,08/11/2016 12:00:00 AM,JACK IN THE BOX #5425`,90,A,1,ROUTINE INSPECTION,EE0001025,1000 W SLAUSON AVE,LOS ANGELES,FA0018454,CA,90044,OW0035140,"TBS FOODS, INC.",RESTAURANT (61-150) SEATS MODERATE RISK,1637,JACK IN THE BOX #5425`,ACTIVE,PR0044979,[],False,33.9889951,-118.2916587,blank,1.5,7,fN9MDic769OVmbVp95rQ6Q
89,DAATBL0Z6,08/11/2016 12:00:00 AM,JERSEY MIKE'S SUBS,90,A,1,ROUTINE INSPECTION,EE0000709,1517 N VINE ST # #107,LOS ANGELES,FA0031504,CA,90028,OW0034438,"SUNVINE, LLC.",RESTAURANT (31-60) SEATS MODERATE RISK,1634,JERSEY MIKE'S SUBS,ACTIVE,PR0041849,"['Sandwiches', 'Fast Food', 'Delis']",False,34.0983042,-118.3267968,$,3.5,142,pT26CnV_NBKzD8pdXvDqzQ
90,DA7EY8KXM,08/11/2016 12:00:00 AM,SUGARFISH BY SUSHI NOZAWA,97,A,1,ROUTINE INSPECTION,EE0000709,6115 W SUNSET BLVD # 170,LOS ANGELES,FA0176131,CA,90028-6423,OW0106302,"SUSHI NOZAWA, LLC",RESTAURANT (31-60) SEATS HIGH RISK,1635,SUGARFISH BY SUSHI NOZAWA,ACTIVE,PR0169383,"['Japanese', 'Sushi Bars']",False,34.0982881765286,-118.322727680951,$$$,4.0,341,lmULf7Q8FmxB4me-SeWXlw
91,DA8XSVOFZ,08/11/2016 12:00:00 AM,THE EDISON-RESTAURANT,93,A,1,ROUTINE INSPECTION,EE0000721,108 W 2ND ST #101,LOS ANGELES,FA0051898,CA,90012,OW0010726,"EDISON DOWNTOWN, INC.",RESTAURANT (0-30) SEATS HIGH RISK,1632,THE EDISON-RESTAURANT,ACTIVE,PR0043197,"['Lounges', 'Cocktail Bars']",False,34.051,-118.24501,$$$,4.0,2748,AwvUGKHCor_sHXN8-DZYSw
92,DA8UJIWPM,08/11/2016 12:00:00 AM,LOS AMIGOS BAKERY,84,B,1,ROUTINE INSPECTION,EE0000531,3105 W 8TH ST,LOS ANGELES,FA0022736,CA,90005,OW0024323,"MEXICANO, AGUSTIN",RESTAURANT (0-30) SEATS MODERATE RISK,1631,LOS AMIGOS BAKERY,ACTIVE,PR0003494,['Bakeries'],False,34.0577801316977,-118.294523656368,$$,2.0,9,UExWMJTEIL7OCC5cfLbCOA
93,DA0WURLIH,08/11/2016 12:00:00 AM,APPLES BAKERY,80,B,1,ROUTINE INSPECTION,EE0000531,849 S VERMONT AVE,LOS ANGELES,FA0171413,CA,90005,OW0178500,SUNNY AND JENNY CORP,RESTAURANT (0-30) SEATS MODERATE RISK,1631,APPLES BAKERY,ACTIVE,PR0161482,"['Desserts', 'Coffee & Tea', 'Bakeries']",False,34.0563698,-118.2917633,$,3.5,16,5HJFrJo2PncwtjbnILlH-w
94,DAODKRJQT,08/11/2016 12:00:00 AM,NAM DAE MOON JIP RESTAURANT,90,A,1,ROUTINE INSPECTION,EE0000699,3470 W 6TH ST STE 2-A,LOS ANGELES,FA0042096,CA,90020,OW0025564,NAM DAE MOON JIP REST. INC.,RESTAURANT (31-60) SEATS HIGH RISK,1635,NAM DAE MOON JIP RESTAURANT,INACTIVE,PR0027721,"['Korean', 'Barbeque']",True,34.06309,-118.29754,$$,4.0,104,9duwmsWfORhYRTL5C68Nxw
95,DAK4WLGZQ,08/11/2016 12:00:00 AM,BUU DIEN FRENCH SANDWICHES,95,A,1,ROUTINE INSPECTION,EE0000360,642 N BROADWAY STE #5,LOS ANGELES,FA0011484,CA,90012,OW0028398,"PHAM, VY",RESTAURANT (0-30) SEATS MODERATE RISK,1631,BUU DIEN FRENCH SANDWICHES,ACTIVE,PR0008428,"['Vietnamese', 'Sandwiches', 'French']",False,34.0596771240234,-118.239212036133,$,3.5,76,1Dn-5Niep6Hhm7hYkcF62g
96,DAMOPUWGC,08/11/2016 12:00:00 AM,CORN GRILL,93,A,1,ROUTINE INSPECTION,EE0000924,1266 WESTWOOD BLVD,LOS ANGELES,FA0165836,CA,90024,OW0012370,FRESH CORN GRILL INC,RESTAURANT (61-150) SEATS HIGH RISK,1638,CORN GRILL,ACTIVE,PR0156016,"['American (New)', 'Italian', 'Mexican']",False,34.0576324462891,-118.442680358887,$$,4.0,467,VRlrvtmKcpY86oyF93WVRQ
97,DA4OLDBU3,08/11/2016 12:00:00 AM,BILL'S TACOS #3,91,A,1,ROUTINE INSPECTION,EE0000729,3292 W SLAUSON AVE,LOS ANGELES,FA0058391,CA,90043,OW0019230,"KIM, DO SUNG",RESTAURANT (0-30) SEATS HIGH RISK,1632,BILL'S TACOS #3,ACTIVE,PR0025786,"['Tacos', 'Burgers', 'Fast Food']",False,33.9883338872201,-118.329982159,$,4.0,139,dO2HXszNsoPvNaixycqNDA
98,DAFNVVYQU,08/11/2016 12:00:00 AM,VROMAGE,98,A,1,ROUTINE INSPECTION,EE0000838,7988 W sunset BLVD,LOS ANGELES,FA0163028,CA,90046-3307,OW0126707,YOUSSEF ISMAEL FAKHOURI,RESTAURANT (0-30) SEATS MODERATE RISK,1631,VROMAGE,ACTIVE,PR0151195,"['Cheese Shops', 'Vegan']",False,34.0979903025286,-118.364359074216,$$,5.0,183,l35t9glgHHOjR5dMyUqs6Q
99,DAQZWLZ4G,08/11/2016 12:00:00 AM,SUSHI 101,94,A,1,ROUTINE INSPECTION,EE0000059,930 S ROBERTSON BLVD #A,LOS ANGELES,FA0158111,CA,90035,OW0123209,"ROLL PLAY, INC",RESTAURANT (31-60) SEATS HIGH RISK,1635,SUSHI 101,ACTIVE,PR0146195,"['Japanese', 'Sushi Bars', 'Salad']",False,34.05999,-118.38327,$$,3.5,187,Wy9GPDzKXrgF5dnJw5ODNw
100,DAGIJDQP7,08/11/2016 12:00:00 AM,WETZELS PRETZELS,95,A,1,ROUTINE INSPECTION,EE0000659,8500 BEVERLY BLVD STE 702,LOS ANGELES,FA0157946,CA,90048,OW0123054,BOOTH JULIE,RESTAURANT (0-30) SEATS MODERATE RISK,1631,WETZELS PRETZELS,ACTIVE,PR0146042,['Pretzels'],False,34.0759151,-118.3767915,$,2.5,18,hKu3fma9hyYCf6iX2raMVA
101,DAWYXTHB0,08/11/2016 12:00:00 AM,CREAM,97,A,1,ROUTINE INSPECTION,EE0000594,3335 S FIGUEROA ST #P,LOS ANGELES,FA0170001,CA,90007,OW0132961,OC ICE CREAM LLC,RESTAURANT (0-30) SEATS MODERATE RISK,1631,CREAM,ACTIVE,PR0160443,"['Desserts', 'Ice Cream & Frozen Yogurt', 'Tacos']",True,34.0232620499708,-118.279513928173,$,4.0,269,pGHCLmcbNgb0T3YdeXSK1w
102,DA5LPT005,08/11/2016 12:00:00 AM,MAYA'S RESTAURANT,94,A,1,ROUTINE INSPECTION,EE0000869,3900 WILSHIRE BLVD,LOS ANGELES,FA0222720,CA,90010,OW0227519,"MAYAS RESTAURANT, INC.",RESTAURANT (61-150) SEATS HIGH RISK,1638,MAYA'S RESTAURANT,ACTIVE,PR0177746,"['Japanese', 'Sushi Bars']",True,34.0611572265625,-118.311378479004,$$,3.0,6,pGPqIqF0L26lt81fmShzDQ
103,DA0WQVHEW,08/11/2016 12:00:00 AM,HUDSON LOBBY CAFE,96,A,1,ROUTINE INSPECTION,EE0000709,6541 SANTA MONICA BLVD,LOS ANGELES,FA0058952,CA,90038,OW0029923,"REILLY, ELIZABETH A",RESTAURANT (0-30) SEATS MODERATE RISK,1631,HUDSON LOBBY CAFE,ACTIVE,PR0035874,['Coffee & Tea'],False,34.0907699614763,-118.33228379488,$,3.5,51,uGBglMJR2fLrzkW3mDnJ7w
104,DA19DEDUP,08/11/2016 12:00:00 AM,EL RINCONSITO JUTIAPENSE,83,B,1,ROUTINE INSPECTION,EE0000699,4010 W 3RD ST,LOS ANGELES,FA0012631,CA,90020,OW0002266,ALONSO ROGERIO MARTINEZ,RESTAURANT (31-60) SEATS HIGH RISK,1635,EL RINCONSITO JUTIAPENSE,INACTIVE,PR0002243,['Salvadoran'],True,34.0689243,-118.3009209,$,4.0,23,e4KKDbcFdJtR94WrYXoRRw
105,DA09XQU67,08/11/2016 12:00:00 AM,PIZZA STUDIO,95,A,1,ROUTINE INSPECTION,EE0000594,3584 S FIGUEROA ST # #5,LOS ANGELES,FA0044264,CA,90007,OW0035697,THE PIZZA STUDIO OPERATION C,RESTAURANT (31-60) SEATS MODERATE RISK,1634,PIZZA STUDIO,ACTIVE,PR0015683,"['Pizza', 'Salad', 'Vegan']",False,34.018666,-118.281577,$,4.0,474,TDCDiaAsehZ0fuB65_yVQw
106,DAZUFMVCP,08/11/2016 12:00:00 AM,MINORI RESTAURANT,90,A,1,ROUTINE INSPECTION,EE0000059,1170 S ROBERTSON BLVD,LOS ANGELES,FA0172187,CA,90035,OW0179227,"KLEE & K, INC.",RESTAURANT (31-60) SEATS HIGH RISK,1635,MINORI RESTAURANT,ACTIVE,PR0164709,"['Sushi Bars', 'Japanese']",False,34.0552801,-118.3835753,$$,4.0,207,G6JndmQiVPfsK4MX9DMN7Q
107,DAWAQ5KXL,08/11/2016 12:00:00 AM,LALIBELA ETHIOPIAN RESTAURANT,96,A,1,ROUTINE INSPECTION,EE0000853,1025 S FAIRFAX AVE,LOS ANGELES,FA0223895,CA,90019,OW0228481,LUBANJA W TILAHUN,RESTAURANT (31-60) SEATS HIGH RISK,1635,LALIBELA ETHIOPIAN RESTAURANT,ACTIVE,PR0179051,['Ethiopian'],False,34.0571,-118.36465,$$,4.5,256,cG2QWy4XDW4V-l4ufEKYnQ
108,DARJINNZM,08/11/2016 12:00:00 AM,CHURRO BOROUGH,92,A,1,ROUTINE INSPECTION,EE0000846,1726 N VERMONT AVE # A,LOS ANGELES,FA0176773,CA,90027,OW0182774,CHURRO BOROUGH LLC,RESTAURANT (0-30) SEATS MODERATE RISK,1631,CHURRO BOROUGH,ACTIVE,PR0169672,"['Desserts', 'Ice Cream & Frozen Yogurt']",True,34.102463,-118.2916351,$,3.5,948,8ufw1Aiz1uvJGcP_oMy_-g
109,DAWRR6BBT,08/11/2016 12:00:00 AM,TUB TIM SIAM,90,A,1,ROUTINE INSPECTION,EE0000846,1806 1/2 N HILLHURST AVE,LOS ANGELES,FA0052699,CA,90027,OW0026855,ORATHAI JIRASUNUNTCHAI,RESTAURANT (0-30) SEATS HIGH RISK,1632,TUB TIM SIAM,ACTIVE,PR0043401,['Thai'],False,34.1039262,-118.28721,$$,4.0,144,L2yfgrEDl_9D2sCB4BrnPg
110,DA9SEOMH6,08/11/2016 12:00:00 AM,THE BUFFALO SPOT,93,A,1,ROUTINE INSPECTION,EE0000729,3286 W SLAUSON AVE,LOS ANGELES,FA0171734,CA,90043-2564,OW0178796,THE BUFFALO SPOT 3 LLC.,RESTAURANT (0-30) SEATS HIGH RISK,1632,THE BUFFALO SPOT,INACTIVE,PR0164174,"['Chicken Wings', 'American (Traditional)']",False,33.9889653772116,-118.329242169857,$$,3.5,89,x6s_mTZmrwQ64KvwtGt5Vw
111,DAQHMPY50,08/11/2016 12:00:00 AM,STARBUCKS COFFEE #5794,96,A,1,ROUTINE INSPECTION,EE0000846,1700 N VERMONT AVE,LOS ANGELES,FA0048782,CA,90027,OW0033938,STARBUCKS COFFEE CORPORATION,RESTAURANT (31-60) SEATS LOW RISK,1633,STARBUCKS,ACTIVE,PR0039930,['Coffee & Tea'],False,34.1020050048828,-118.291374206543,$,3.0,169,p98gGan98KLIffAKaMw3Zg
112,DASTDTYD8,08/11/2016 12:00:00 AM,PATTAYA BAY THAI RESTAURANT,90,A,1,ROUTINE INSPECTION,EE0000846,1727 N VERMONT AVE STE 103,LOS ANGELES,FA0177440,CA,90027,OW0183362,GIVE & CHAN LLC,RESTAURANT (31-60) SEATS HIGH RISK,1635,PATTAYA BAY THAI RESTAURANT,ACTIVE,PR0170437,['Thai'],False,34.102548,-118.292194,$$,3.5,337,fEkSGQylqjsLB9GN3N2tvA
113,DAE6RG6KV,08/10/2016 12:00:00 AM,JJAN,90,A,1,ROUTINE INSPECTION,EE0000531,3328 W 8TH ST,LOS ANGELES,FA0225498,CA,90005,OW0229758,WLSD22,RESTAURANT (31-60) SEATS HIGH RISK,1635,JJAN,ACTIVE,PR0180828,"['Bars', 'Korean', 'Asian Fusion']",False,34.0575951,-118.3006392,$$,4.5,79,xz66LQF-f06EtZ89Av6f3A
114,DAHUCTW5Y,06/28/2016 12:00:00 AM,"JANCHIJIP, INC.",90,A,1,ROUTINE INSPECTION,EE0000531,3328 W 8TH ST,LOS ANGELES,FA0031173,CA,90005,OW0017378,"JANCHIJIP, INC.",RESTAURANT (31-60) SEATS HIGH RISK,1635,"JANCHIJIP, INC.",INACTIVE,PR0033172,"['Bars', 'Korean', 'Asian Fusion']",False,34.0575951,-118.3006392,$$,4.5,79,xz66LQF-f06EtZ89Av6f3A
115,DALZ9W27M,08/10/2016 12:00:00 AM,SPUDNUTS DONUTS,91,A,1,ROUTINE INSPECTION,EE0000006,4949 W SLAUSON AVE,LOS ANGELES,FA0162812,CA,90056,OW0126511,GEMMER E. LEMA JR.,RESTAURANT (0-30) SEATS MODERATE RISK,1631,SPUDNUTS DONUTS,ACTIVE,PR0150960,['Donuts'],False,33.9876974,-118.3643084,$,3.0,23,NlBgL40OT819NCm2OEmldw
116,DAPMSSOJ0,08/10/2016 12:00:00 AM,THE VILLAGE BAKERY & CAFE,91,A,1,ROUTINE INSPECTION,EE0000697,3119 LOS FELIZ BLVD,LOS ANGELES,FA0072512,CA,90039,OW0018439,KAOS & KONFUSION LLC,RESTAURANT (31-60) SEATS HIGH RISK,1635,THE VILLAGE BAKERY & CAFE,ACTIVE,PR0020016,"['Bakeries', 'Breakfast & Brunch', 'Sandwiches']",False,34.1242766,-118.2672948,$$,4.0,883,jjKXyjjw-Vcz1FOzzAK3YA
117,DA1YNTAND,08/10/2016 12:00:00 AM,CASA SANCHEZ,86,B,1,ROUTINE INSPECTION,EE0000953,4500 S CENTINELA AVE,LOS ANGELES,FA0013754,CA,90066,OW0031516,RAUL SANCHEZ,RESTAURANT (151 + ) SEATS HIGH RISK,1641,CASA SANCHEZ,ACTIVE,PR0003161,['Mexican'],False,33.9927987,-118.4227098,$$,4.0,1069,KW6SuvmXZOBJSvMDhk8KUw
118,DARMPWYJN,08/10/2016 12:00:00 AM,LA NUEVA FUENTE,91,A,1,ROUTINE INSPECTION,EE0000997,3425 E 1ST ST # 108,LOS ANGELES,FA0033481,CA,90063,OW0037317,"VARGAS, MAXIMILIANO & SONIA",RESTAURANT (0-30) SEATS HIGH RISK,1632,LA NUEVA FUENTE,INACTIVE,PR0027379,['Mexican'],False,34.03731,-118.1937,$,2.0,6,rZQqaKJWhWNWLt6wXL2J8Q
119,DA0LEAV7K,08/10/2016 12:00:00 AM,THAI OCEAN RESTAURANT,85,B,1,ROUTINE INSPECTION,EE0000531,747 S VERMONT AVE,LOS ANGELES,FA0051040,CA,90005,OW0029145,"PUNYANIRAN, PHAVEENA",RESTAURANT (31-60) SEATS HIGH RISK,1635,THAI OCEAN RESTAURANT,ACTIVE,PR0018167,['Thai'],False,34.0582995,-118.2917849,$,3.5,34,n9V1AJfYJWZQSOFOnFuUKw
120,DA20AU0CR,08/10/2016 12:00:00 AM,LAS ANITAS,90,A,1,ROUTINE INSPECTION,EE0000360,OLVERA ST 26,LOS ANGELES,FA0021345,CA,90012,OW0025317,MUNDANAS INC,RESTAURANT (31-60) SEATS HIGH RISK,1635,LAS ANITAS,ACTIVE,PR0032340,['Mexican'],False,34.0572027862072,-118.238174468279,$$,3.5,161,atUAQ-9rovSumS3uMDCDtQ
121,DAPUBFXWQ,08/10/2016 12:00:00 AM,ZERMENOS RESTAURANT INC,97,A,1,ROUTINE INSPECTION,EE0000828,6115 SANTA MONICA BLVD UNIT UNIT,LOS ANGELES,FA0055608,CA,90038,OW0040226,ZERMENOS RESTAURANT INC,RESTAURANT (0-30) SEATS HIGH RISK,1632,ZERMENOS RESTAURANT INC,ACTIVE,PR0036132,"['Mexican', 'Breakfast & Brunch', 'Seafood']",False,34.091152,-118.3225606,$,4.0,215,eb76buRAUSnRuoqVEf2dBA
122,DATLAYYU1,08/10/2016 12:00:00 AM,AL GELATO,93,A,1,ROUTINE INSPECTION,EE0000059,806 S ROBERTSON BLVD,LOS ANGELES,FA0005230,CA,90035,OW0030116,RICHARD & CLARE KARBOWSKI,RESTAURANT (31-60) SEATS HIGH RISK,1635,AL GELATO,INACTIVE,PR0012267,"['Ice Cream & Frozen Yogurt', 'Italian', 'Sandwiches']",True,34.062591,-118.383211,$$,4.0,563,bB-8KTHemnnzMa2ogrhxCQ
123,DAXWCRUK8,08/10/2016 12:00:00 AM,POPEYES CHICKEN & BISCUITS,93,A,1,ROUTINE INSPECTION,EE0000709,6384 HOLLYWOOD BLVD,LOS ANGELES,FA0028928,CA,90028,OW0003600,B&H FOODS INC,RESTAURANT (31-60) SEATS MODERATE RISK,1634,POPEYES CHICKEN & BISCUITS,ACTIVE,PR0009270,"['Fast Food', 'Chicken Wings']",False,34.1014332,-118.3293279,$,2.5,126,iD0-BFSwilIvw2tjnB_y_A
124,DAZRC0S1C,08/10/2016 12:00:00 AM,EL POLLO LOCO # 3540,96,A,1,ROUTINE INSPECTION,EE0000723,1545 S WESTERN AVE,LOS ANGELES,FA0021251,CA,90019,OW0024364,"MI POLLO, INC.",RESTAURANT (31-60) SEATS HIGH RISK,1635,EL POLLO LOCO # 3540,ACTIVE,PR0007788,"['Fast Food', 'Mexican']",False,34.0442734,-118.30939,$,3.0,28,Jzu-0m4s611FA1NTExeKoQ
125,DAQEXJB4E,08/10/2016 12:00:00 AM,GINGERGRASS SILVERLAKE LLC,90,A,1,ROUTINE INSPECTION,EE0000923,2396 GLENDALE BLVD,LOS ANGELES,FA0024904,CA,90039,OW0013262,GINGERGRASS SILVERLAKE LLC,RESTAURANT (31-60) SEATS HIGH RISK,1635,GINGERGRASS SILVERLAKE LLC,ACTIVE,PR0030777,['Vietnamese'],False,34.1,-118.25885,$$,3.5,933,mYARoYlKTqGd0a9-1YxveA
126,DANVPXGBV,08/10/2016 12:00:00 AM,THE MORRISON,94,A,1,ROUTINE INSPECTION,EE0000697,3179 LOS FELIZ BLVD,LOS ANGELES,FA0136945,CA,90039,OW0099721,"3179 LOS FELIZ PARTNERS, LLC",RESTAURANT (61-150) SEATS HIGH RISK,1638,THE MORRISON,ACTIVE,PR0120944,"['Gastropubs', 'Burgers', 'Bars']",False,34.12384,-118.26868,$$,4.5,3667,DJek3FUewBzMc0gS-Gms9w
127,DATWENI7S,08/10/2016 12:00:00 AM,STAPLES CENTER (LEVY),97,A,1,ROUTINE INSPECTION,EE0000633,1111 S FIGUEROA ST,LOS ANGELES,FA0006427,CA,90015,OW0021612,LEVY PREMIUM FOODSERVICE LIMITED PARTNERSHIP,RESTAURANT (0-30) SEATS LOW RISK,1630,BAR 302,ACTIVE,PR0040670,['Cocktail Bars'],True,34.04312,-118.26711,blank,5.0,1,TX2_ncrYycP9kZi2oGoNRQ
128,DASUF9KA0,08/10/2016 12:00:00 AM,STAPLES CENTER (LEVY),98,A,1,ROUTINE INSPECTION,EE0000633,1111 S FIGUEROA ST,LOS ANGELES,FA0006427,CA,90015,OW0021612,LEVY PREMIUM FOODSERVICE LIMITED PARTNERSHIP,RESTAURANT (0-30) SEATS HIGH RISK,1632,STAND 104,ACTIVE,PR0025955,['Cocktail Bars'],True,34.04312,-118.26711,blank,5.0,1,TX2_ncrYycP9kZi2oGoNRQ
129,DA4M16Q6D,08/10/2016 12:00:00 AM,STAPLES CENTER (LEVY),94,A,1,ROUTINE INSPECTION,EE0000633,1111 S FIGUEROA ST,LOS ANGELES,FA0006427,CA,90015,OW0021612,LEVY PREMIUM FOODSERVICE LIMITED PARTNERSHIP,RESTAURANT (0-30) SEATS MODERATE RISK,1631,STAND 102,ACTIVE,PR0011703,['Cocktail Bars'],True,34.04312,-118.26711,blank,5.0,1,TX2_ncrYycP9kZi2oGoNRQ
130,DABHXGXF6,08/10/2016 12:00:00 AM,STAPLES CENTER (LEVY),97,A,1,ROUTINE INSPECTION,EE0000633,1111 S FIGUEROA ST,LOS ANGELES,FA0006427,CA,90015,OW0021612,LEVY PREMIUM FOODSERVICE LIMITED PARTNERSHIP,RESTAURANT (0-30) SEATS MODERATE RISK,1631,STAND 318,ACTIVE,PR0019832,['Cocktail Bars'],True,34.04312,-118.26711,blank,5.0,1,TX2_ncrYycP9kZi2oGoNRQ
131,DAPR5RUB6,08/10/2016 12:00:00 AM,STAPLES CENTER (LEVY),98,A,1,ROUTINE INSPECTION,EE0000633,1111 S FIGUEROA ST,LOS ANGELES,FA0006427,CA,90015,OW0021612,LEVY PREMIUM FOODSERVICE LIMITED PARTNERSHIP,RESTAURANT (0-30) SEATS MODERATE RISK,1631,STAND 106,ACTIVE,PR0040809,['Cocktail Bars'],True,34.04312,-118.26711,blank,5.0,1,TX2_ncrYycP9kZi2oGoNRQ
132,DA4CMNMFG,08/10/2016 12:00:00 AM,STAPLES CENTER (LEVY),97,A,1,ROUTINE INSPECTION,EE0000633,1111 S FIGUEROA ST,LOS ANGELES,FA0006427,CA,90015,OW0021612,LEVY PREMIUM FOODSERVICE LIMITED PARTNERSHIP,RESTAURANT (0-30) SEATS LOW RISK,1630,BAR 317,ACTIVE,PR0011878,['Cocktail Bars'],True,34.04312,-118.26711,blank,5.0,1,TX2_ncrYycP9kZi2oGoNRQ
133,DAJL3BQZB,08/10/2016 12:00:00 AM,STAPLES CENTER (LEVY),95,A,1,ROUTINE INSPECTION,EE0000633,1111 S FIGUEROA ST,LOS ANGELES,FA0006427,CA,90015,OW0021612,LEVY PREMIUM FOODSERVICE LIMITED PARTNERSHIP,RESTAURANT (0-30) SEATS MODERATE RISK,1631,STAND 118,ACTIVE,PR0015182,['Cocktail Bars'],True,34.04312,-118.26711,blank,5.0,1,TX2_ncrYycP9kZi2oGoNRQ
134,DAVDSTJKE,08/10/2016 12:00:00 AM,STAPLES CENTER (LEVY),97,A,1,ROUTINE INSPECTION,EE0000633,1111 S FIGUEROA ST,LOS ANGELES,FA0006427,CA,90015,OW0021612,LEVY PREMIUM FOODSERVICE LIMITED PARTNERSHIP,RESTAURANT (0-30) SEATS HIGH RISK,1632,STAND 119,ACTIVE,PR0002574,['Cocktail Bars'],True,34.04312,-118.26711,blank,5.0,1,TX2_ncrYycP9kZi2oGoNRQ
135,DA2DA06XY,08/10/2016 12:00:00 AM,STAPLES CENTER (LEVY),92,A,1,ROUTINE INSPECTION,EE0000633,1111 S FIGUEROA ST,LOS ANGELES,FA0006427,CA,90015,OW0021612,LEVY PREMIUM FOODSERVICE LIMITED PARTNERSHIP,RESTAURANT (0-30) SEATS MODERATE RISK,1631,STAND 103,ACTIVE,PR0041421,['Cocktail Bars'],True,34.04312,-118.26711,blank,5.0,1,TX2_ncrYycP9kZi2oGoNRQ
136,DAFMQJ2GW,08/10/2016 12:00:00 AM,STAPLES CENTER (LEVY),95,A,1,ROUTINE INSPECTION,EE0000633,1111 S FIGUEROA ST,LOS ANGELES,FA0006427,CA,90015,OW0021612,LEVY PREMIUM FOODSERVICE LIMITED PARTNERSHIP,RESTAURANT (0-30) SEATS MODERATE RISK,1631,STAND 301,ACTIVE,PR0047727,['Cocktail Bars'],True,34.04312,-118.26711,blank,5.0,1,TX2_ncrYycP9kZi2oGoNRQ
137,DAOI0PGRM,08/10/2016 12:00:00 AM,STAPLES CENTER (LEVY),95,A,1,ROUTINE INSPECTION,EE0000633,1111 S FIGUEROA ST,LOS ANGELES,FA0006427,CA,90015,OW0021612,LEVY PREMIUM FOODSERVICE LIMITED PARTNERSHIP,RESTAURANT (0-30) SEATS HIGH RISK,1632,STAND 117,ACTIVE,PR0016701,['Cocktail Bars'],True,34.04312,-118.26711,blank,5.0,1,TX2_ncrYycP9kZi2oGoNRQ
138,DADD0TEWW,08/10/2016 12:00:00 AM,STAPLES CENTER (LEVY),96,A,1,ROUTINE INSPECTION,EE0000633,1111 S FIGUEROA ST,LOS ANGELES,FA0006427,CA,90015,OW0021612,LEVY PREMIUM FOODSERVICE LIMITED PARTNERSHIP,RESTAURANT (61-150) SEATS LOW RISK,1636,LOUNGE 119 ( GOLDEN ROAD BREW HOUSE ),ACTIVE,PR0021180,['Cocktail Bars'],True,34.04312,-118.26711,blank,5.0,1,TX2_ncrYycP9kZi2oGoNRQ
139,DACUJNHBW,08/09/2016 12:00:00 AM,STAPLES CENTER (LEVY),93,A,1,ROUTINE INSPECTION,EE0000633,1111 S FIGUEROA ST,LOS ANGELES,FA0006427,CA,90015,OW0021612,LEVY PREMIUM FOODSERVICE LIMITED PARTNERSHIP,RESTAURANT (151 + ) SEATS HIGH RISK,1641,CATERING KITCHEN,ACTIVE,PR0048344,['Cocktail Bars'],True,34.04312,-118.26711,blank,5.0,1,TX2_ncrYycP9kZi2oGoNRQ
140,DA9F1OSQE,08/09/2016 12:00:00 AM,STAPLES CENTER (LEVY),96,A,1,ROUTINE INSPECTION,EE0000633,1111 S FIGUEROA ST,LOS ANGELES,FA0006427,CA,90015,OW0021612,LEVY PREMIUM FOODSERVICE LIMITED PARTNERSHIP,RESTAURANT (0-30) SEATS MODERATE RISK,1631,STAND 109,ACTIVE,PR0038679,['Cocktail Bars'],True,34.04312,-118.26711,blank,5.0,1,TX2_ncrYycP9kZi2oGoNRQ
141,DAHLMAHJP,08/09/2016 12:00:00 AM,STAPLES CENTER (LEVY),95,A,1,ROUTINE INSPECTION,EE0000633,1111 S FIGUEROA ST,LOS ANGELES,FA0006427,CA,90015,OW0021612,LEVY PREMIUM FOODSERVICE LIMITED PARTNERSHIP,RESTAURANT (0-30) SEATS HIGH RISK,1632,SPOTLIGHT GRILL,ACTIVE,PR0007573,['Cocktail Bars'],True,34.04312,-118.26711,blank,5.0,1,TX2_ncrYycP9kZi2oGoNRQ
142,DA5MSN9WF,08/09/2016 12:00:00 AM,STAPLES CENTER (LEVY),99,A,1,ROUTINE INSPECTION,EE0000633,1111 S FIGUEROA ST,LOS ANGELES,FA0006427,CA,90015,OW0021612,LEVY PREMIUM FOODSERVICE LIMITED PARTNERSHIP,RESTAURANT (0-30) SEATS LOW RISK,1630,BAR 101 - FIGUEROA BAR,ACTIVE,PR0024495,['Cocktail Bars'],True,34.04312,-118.26711,blank,5.0,1,TX2_ncrYycP9kZi2oGoNRQ
143,DAP2N0WIC,08/09/2016 12:00:00 AM,STAPLES CENTER (LEVY),98,A,1,ROUTINE INSPECTION,EE0000633,1111 S FIGUEROA ST,LOS ANGELES,FA0006427,CA,90015,OW0021612,LEVY PREMIUM FOODSERVICE LIMITED PARTNERSHIP,RESTAURANT (0-30) SEATS MODERATE RISK,1631,BUSS STOP,ACTIVE,PR0036038,['Cocktail Bars'],True,34.04312,-118.26711,blank,5.0,1,TX2_ncrYycP9kZi2oGoNRQ
144,DARD2QQO1,08/09/2016 12:00:00 AM,STAPLES CENTER (LEVY),97,A,1,ROUTINE INSPECTION,EE0000633,1111 S FIGUEROA ST,LOS ANGELES,FA0006427,CA,90015,OW0021612,LEVY PREMIUM FOODSERVICE LIMITED PARTNERSHIP,RESTAURANT (0-30) SEATS MODERATE RISK,1631,STAND 112,ACTIVE,PR0020067,['Cocktail Bars'],True,34.04312,-118.26711,blank,5.0,1,TX2_ncrYycP9kZi2oGoNRQ
145,DA02GJWOL,08/09/2016 12:00:00 AM,STAPLES CENTER (LEVY),96,A,1,ROUTINE INSPECTION,EE0000633,1111 S FIGUEROA ST,LOS ANGELES,FA0006427,CA,90015,OW0021612,LEVY PREMIUM FOODSERVICE LIMITED PARTNERSHIP,RESTAURANT (0-30) SEATS MODERATE RISK,1631,STAND 113,ACTIVE,PR0046013,['Cocktail Bars'],True,34.04312,-118.26711,blank,5.0,1,TX2_ncrYycP9kZi2oGoNRQ
146,DA1OSMRVP,08/09/2016 12:00:00 AM,STAPLES CENTER (LEVY),97,A,1,ROUTINE INSPECTION,EE0000633,1111 S FIGUEROA ST,LOS ANGELES,FA0006427,CA,90015,OW0021612,LEVY PREMIUM FOODSERVICE LIMITED PARTNERSHIP,RESTAURANT (0-30) SEATS HIGH RISK,1632,SKYLINE GRILL,ACTIVE,PR0029385,['Cocktail Bars'],True,34.04312,-118.26711,blank,5.0,1,TX2_ncrYycP9kZi2oGoNRQ
147,DATCOBODV,08/09/2016 12:00:00 AM,STAPLES CENTER (LEVY),98,A,1,ROUTINE INSPECTION,EE0000633,1111 S FIGUEROA ST,LOS ANGELES,FA0006427,CA,90015,OW0021612,LEVY PREMIUM FOODSERVICE LIMITED PARTNERSHIP,RESTAURANT (0-30) SEATS MODERATE RISK,1631,COOK'S CORNER,ACTIVE,PR0025734,['Cocktail Bars'],True,34.04312,-118.26711,blank,5.0,1,TX2_ncrYycP9kZi2oGoNRQ
148,DASTESNHT,08/09/2016 12:00:00 AM,STAPLES CENTER (LEVY),99,A,1,ROUTINE INSPECTION,EE0000633,1111 S FIGUEROA ST,LOS ANGELES,FA0006427,CA,90015,OW0021612,LEVY PREMIUM FOODSERVICE LIMITED PARTNERSHIP,RESTAURANT (151 + ) SEATS HIGH RISK,1641,FOX KITCHEN,ACTIVE,PR0025154,['Cocktail Bars'],True,34.04312,-118.26711,blank,5.0,1,TX2_ncrYycP9kZi2oGoNRQ
149,DA1THLVWJ,08/09/2016 12:00:00 AM,STAPLES CENTER (LEVY),97,A,1,ROUTINE INSPECTION,EE0000633,1111 S FIGUEROA ST,LOS ANGELES,FA0006427,CA,90015,OW0021612,LEVY PREMIUM FOODSERVICE LIMITED PARTNERSHIP,RESTAURANT (151 + ) SEATS HIGH RISK,1641,PREMIUM MAIN KITCHEN,ACTIVE,PR0019171,['Cocktail Bars'],True,34.04312,-118.26711,blank,5.0,1,TX2_ncrYycP9kZi2oGoNRQ
150,DAO2H90A8,08/10/2016 12:00:00 AM,ACCOMPLICE BAR/LITTLE FATTY,98,A,1,ROUTINE INSPECTION,EE0000144,3809 GRAND VIEW BLVD,LOS ANGELES,FA0165407,CA,90066-4405,OW0128670,BALDY'S RESTAURANT GROUP,RESTAURANT (31-60) SEATS HIGH RISK,1635,ACCOMPLICE BAR/LITTLE FATTY,ACTIVE,PR0153730,"['American (New)', 'Taiwanese']",False,34.0044481,-118.4311095,$$,4.0,275,0jOt0ODWCp8fJzzOM4PgqA
151,DAINGPLYU,08/10/2016 12:00:00 AM,TACOS EL UNICO,96,A,1,ROUTINE INSPECTION,EE0000594,1375 W ADAMS BLVD,LOS ANGELES,FA0050333,CA,90007,OW0037050,V&E RESTAURANTS INC,RESTAURANT (0-30) SEATS HIGH RISK,1632,TACOS EL UNICO,ACTIVE,PR0036953,['Mexican'],False,34.0328849,-118.2911562,$,3.5,118,eotbWLCgZJ0Z5wKhSFiOww
152,DALAXR1UU,08/10/2016 12:00:00 AM,IMPROV- COMEDY CLUB,95,A,1,ROUTINE INSPECTION,EE0000957,8162 MELROSE AVE,LOS ANGELES,FA0156874,CA,90046,OW0100333,LEVITY LIVE ENT GROUP - LLC,RESTAURANT (151 + ) SEATS HIGH RISK,1641,IMPROV- COMEDY CLUB,ACTIVE,PR0144544,['Comedy Clubs'],False,34.08346,-118.36739,$$,4.0,481,Xbgd6CkdIjUFmJleWK-png
153,DAWGWIYUG,08/10/2016 12:00:00 AM,LAMBERTOS MEXICAN FOOD #2,91,A,1,ROUTINE INSPECTION,EE0000729,894 W MANCHESTER AVE,LOS ANGELES,FA0175322,CA,90044,OW0181883,LAMBERTOS MEXICAN FOOD #2,RESTAURANT (0-30) SEATS HIGH RISK,1632,LAMBERTOS MEXICAN FOOD #2,ACTIVE,PR0168460,['Mexican'],False,33.9597663879395,-118.289031982422,$,3.0,47,QS3N_UgYNixT-Sm5d1IlMA
154,DAL9QKQYF,08/10/2016 12:00:00 AM,POPEYE DUMPLING AND NOODLES,90,A,1,ROUTINE INSPECTION,EE0000531,709 S VERMONT AVE,LOS ANGELES,FA0139085,CA,90005,OW0102345,"CCC GALBI, INC",RESTAURANT (0-30) SEATS HIGH RISK,1632,POPEYE DUMPLING AND NOODLES,INACTIVE,PR0123466,['Korean'],True,34.0594117,-118.2916325,$,4.0,10,dLl9DyXrnAw2mpcrRi_wsA
155,DA10CCIUV,08/10/2016 12:00:00 AM,JUICY FACTORY,90,A,1,ROUTINE INSPECTION,EE0000822,6708 HOLLYWOOD BLVD,LOS ANGELES,FA0023384,CA,90028,OW0001159,"6708 HOLLYWOOD ASSOCIATES, LLC",RESTAURANT (61-150) SEATS HIGH RISK,1638,JUICY FACTORY,INACTIVE,PR0034491,"['Juice Bars & Smoothies', 'Sandwiches', 'Desserts']",True,34.10095,-118.33665,$,3.5,62,wVqanp9f5zpQittfcb6H6A
156,DAE9HMHNX,08/10/2016 12:00:00 AM,MIARI NOODLE HOUSE,91,A,1,ROUTINE INSPECTION,EE0000884,3224 W OLYMPIC BLVD # 102,LOS ANGELES,FA0203339,CA,90006,OW0208535,"MIARI NOODLE HOUSE, CORP",RESTAURANT (31-60) SEATS HIGH RISK,1635,MIARI NOODLE HOUSE,ACTIVE,PR0175677,"['Korean', 'Noodles', 'Soup']",False,34.05245,-118.3071,$,4.0,102,VKr1eRPJAH7RIAHXtrSG6A
157,DAXRMFDJU,08/10/2016 12:00:00 AM,PA2HG GRILL,81,B,1,ROUTINE INSPECTION,EE0000684,11033 SANTA MONICA BLVD,LOS ANGELES,FA0043416,CA,90025,OW0026226,NORIOF RAMIN,RESTAURANT (0-30) SEATS HIGH RISK,1632,PA2HG GRILL,ACTIVE,PR0004899,['Indian'],True,34.04844,-118.44281,$$,3.0,3,OFBJI0zO9hfme3KkJ5DiJw
158,DAJM5SOEJ,08/10/2016 12:00:00 AM,HOME RESTAURANT,97,A,1,ROUTINE INSPECTION,EE0000923,2500 RIVERSIDE DR,LOS ANGELES,FA0028868,CA,90039,OW0025489,"NAAV, INC.",RESTAURANT (151 + ) SEATS HIGH RISK,1641,HOME RESTAURANT,ACTIVE,PR0029136,"['American (New)', 'Breakfast & Brunch', 'Coffee & Tea']",False,34.1059761,-118.2567733,$$,3.5,1106,wcLpAXDF3dvJDrAJuV76tg
159,DAHHBD88M,08/10/2016 12:00:00 AM,CIABATTA BAR HOLLYWOOD LLC,97,A,1,ROUTINE INSPECTION,EE0000822,6464 W SUNSET BLVD #100,LOS ANGELES,FA0172273,CA,90028,OW0179303,CIABATTA BAR HOLLYWOOD LLC,RESTAURANT (0-30) SEATS HIGH RISK,1632,CIABATTA BAR HOLLYWOOD LLC,ACTIVE,PR0164812,"['Italian', 'Bakeries', 'Coffee & Tea']",False,34.09761,-118.3313,$$,4.5,62,h_c4R4i5JVfvBMq1AnAXCA
160,DAQ35CZMP,08/10/2016 12:00:00 AM,WHOLE FOODS MARKET,97,A,1,ROUTINE INSPECTION,EE0000853,6350 W 3RD ST,LOS ANGELES,FA0054674,CA,90036,OW0038850,"WHOLE FOODS MARKET, INC.",RESTAURANT (0-30) SEATS MODERATE RISK,1631,WHOLE FOODS MARKET (BAKERY),ACTIVE,PR0005702,['Grocery'],False,34.0704536872075,-118.360876210381,$$$,3.5,489,M4jKbyhhfCnX9_gTIIatHw
161,DA7D05P2E,08/10/2016 12:00:00 AM,WHOLE FOODS MARKET,96,A,1,ROUTINE INSPECTION,EE0000853,6350 W 3RD ST,LOS ANGELES,FA0054674,CA,90036,OW0038850,"WHOLE FOODS MARKET, INC.",RESTAURANT (0-30) SEATS HIGH RISK,1632,WHOLE FOOD MARKET- SEAFOOD DEPARTMENT,ACTIVE,PR0147789,['Grocery'],False,34.0704536872075,-118.360876210381,$$$,3.5,489,M4jKbyhhfCnX9_gTIIatHw
162,DAM1IUVLR,07/20/2016 12:00:00 AM,WHOLE FOODS MARKET,97,A,1,ROUTINE INSPECTION,EE0000853,6350 W 3RD ST,LOS ANGELES,FA0054674,CA,90036,OW0038850,"WHOLE FOODS MARKET, INC.",RESTAURANT (0-30) SEATS HIGH RISK,1632,WHOLE FOODS MARKET  DELI,ACTIVE,PR0010557,['Grocery'],False,34.0704536872075,-118.360876210381,$$$,3.5,489,M4jKbyhhfCnX9_gTIIatHw
163,DAQ92BJU0,07/20/2016 12:00:00 AM,WHOLE FOODS MARKET,98,A,1,ROUTINE INSPECTION,EE0000853,6350 W 3RD ST,LOS ANGELES,FA0054674,CA,90036,OW0038850,"WHOLE FOODS MARKET, INC.",RESTAURANT (0-30) SEATS MODERATE RISK,1631,WHOLE FOODS MARKET-JUICE AND COFFEE,ACTIVE,PR0025196,['Grocery'],False,34.0704536872075,-118.360876210381,$$$,3.5,489,M4jKbyhhfCnX9_gTIIatHw
164,DATVPLNA6,06/29/2016 12:00:00 AM,WHOLE FOODS MARKET,100,A,1,ROUTINE INSPECTION,EE0000853,6350 W 3RD ST,LOS ANGELES,FA0054674,CA,90036,OW0038850,"WHOLE FOODS MARKET, INC.",RESTAURANT (0-30) SEATS HIGH RISK,1632,WHOLE FOOD MARKET- SEAFOOD DEPARTMENT,ACTIVE,PR0147789,['Grocery'],False,34.0704536872075,-118.360876210381,$$$,3.5,489,M4jKbyhhfCnX9_gTIIatHw
165,DAG004Z0C,08/10/2016 12:00:00 AM,MEXICANO,91,A,1,ROUTINE INSPECTION,EE0000905,3650 W MARTIN LUTHER KING BLVD # 127,LOS ANGELES,FA0164994,CA,90008-1799,OW0128287,LCM MANAGEMENT GROUP LLC,RESTAURANT (61-150) SEATS HIGH RISK,1638,MEXICANO,ACTIVE,PR0153297,"['Mexican', 'Cocktail Bars']",False,34.010763,-118.336407,$$,3.5,335,6GxYj0fSuj0-zGbC1qAziA
166,DA9MPMDY3,08/10/2016 12:00:00 AM,THE COFFEE BEAN & TEA LEAF,96,A,1,ROUTINE INSPECTION,EE0000684,11049 SANTA MONICA BLVD # 109,LOS ANGELES,FA0051761,CA,90025,OW0017025,INTERNATIONAL COFFEE & TEA LLC,RESTAURANT (0-30) SEATS LOW RISK,1630,THE COFFEE BEAN & TEA LEAF,ACTIVE,PR0026766,['Coffee & Tea'],False,34.048317,-118.44318,$,4.0,74,QUPXS0MzdkwwpVadzl7DwQ
167,DAUSPPP00,08/10/2016 12:00:00 AM,DABANG DESIGN CAFE,95,A,1,ROUTINE INSPECTION,EE0000854,3501 W PICO BLVD,LOS ANGELES,FA0172175,CA,90019-4534,OW0179217,"CREATIVE JDEA, INC.",RESTAURANT (0-30) SEATS MODERATE RISK,1631,DABANG DESIGN CAFE,ACTIVE,PR0164693,"['Coffee & Tea', 'Breakfast & Brunch']",False,34.04743,-118.31908,$$,4.5,138,XILh3AgtwzIMYoLqGA5eCA
168,DAWFG6PFD,08/10/2016 12:00:00 AM,JACKS N JOE,97,A,1,ROUTINE INSPECTION,EE0000594,2498 S FIGUEROA ST,LOS ANGELES,FA0064159,CA,90007,OW0004227,BEDNORZ MARK C,RESTAURANT (61-150) SEATS HIGH RISK,1638,JACKS N JOE,ACTIVE,PR0004975,['Breakfast & Brunch'],False,34.02876,-118.27517,$$,4.0,1806,BonZ748EKm8pwtVQalFpYQ
169,DAEEWOUA4,08/10/2016 12:00:00 AM,MACY'S,96,A,1,ROUTINE INSPECTION,EE0000905,4005 CRENSHAW BLVD,LOS ANGELES,FA0159973,CA,90008,OW0022786,"MACY'S DEPARTMENT STORES, INC.",RESTAURANT (0-30) SEATS LOW RISK,1630,MACY'S,ACTIVE,PR0148055,"['Department Stores', ""Men's Clothing"", ""Women's Clothing""]",False,34.01183,-118.335823,$$,2.5,42,-Ry5u5yzTdGYu9ihH4JGAg
170,DANWGKCTY,08/10/2016 12:00:00 AM,PLAYA DORA,93,A,1,ROUTINE INSPECTION,EE0000729,10522 S VERMONT AVE,LOS ANGELES,FA0178503,CA,90044,OW0184237,NIDIA L ALDANA,RESTAURANT (0-30) SEATS HIGH RISK,1632,PLAYA DORA,ACTIVE,PR0171943,['Salvadoran'],False,33.9404522627592,-118.291555792093,blank,4.5,11,TB2588_TPLMm-htyLeFakQ
171,DA0G0T7WW,08/10/2016 12:00:00 AM,SUBWAY #1972,96,A,1,ROUTINE INSPECTION,EE0000911,1165 WESTWOOD BLVD,LOS ANGELES,FA0136754,CA,90024,OW0100965,"GURCHARAN, GREWAL",RESTAURANT (0-30) SEATS MODERATE RISK,1631,SUBWAY,ACTIVE,PR0119973,"['Fast Food', 'Sandwiches']",False,34.059402,-118.444691,$,2.5,72,7suc1yaZT9Flmk6kIFAvqg
172,DAFDIFR2T,08/10/2016 12:00:00 AM,PAO JAO,94,A,1,ROUTINE INSPECTION,EE0000854,928 S WESTERN AVE # 137,LOS ANGELES,FA0171547,CA,90006,OW0178619,CCJJ FOOD INC,RESTAURANT (0-30) SEATS HIGH RISK,1632,PAO JAO,ACTIVE,PR0163956,"['Korean', 'Chinese', 'Specialty Food']",False,34.0551414489746,-118.30818939209,$,4.0,99,eQ-OpJtbcQY90V7-A7Zpow
173,DABCZBK0B,08/10/2016 12:00:00 AM,BOBA TIME,91,A,1,ROUTINE INSPECTION,EE0000531,701 S VERMONT AVE,LOS ANGELES,FA0010271,CA,90005,OW0017201,J AND U CORPORATION,RESTAURANT (0-30) SEATS MODERATE RISK,1631,BOBA TIME,ACTIVE,PR0011426,"['Coffee & Tea', 'Bubble Tea', 'Juice Bars & Smoothies']",False,34.059613,-118.292185,$,4.0,807,c0Ng68xbRfOKHdYi5YdDkg
174,DA2OEZKF1,08/10/2016 12:00:00 AM,ANDRE OD TOWN & COUNTY LLC,99,A,1,ROUTINE INSPECTION,EE0000853,6332 W 3RD ST # 18-10,LOS ANGELES,FA0138985,CA,90036-3155,OW0102261,ANDRE OF TOWN & COUNTY LLC,RESTAURANT (0-30) SEATS HIGH RISK,1632,ANDRE'S PRODUCTION KITCHEN,ACTIVE,PR0123363,"['Italian', 'Pizza']",False,34.0711906,-118.3599417,$,4.0,1038,-CW_jNF0-x1RAhlGjX3JUg
175,DA2OEZKF1,08/10/2016 12:00:00 AM,ANDRE OD TOWN & COUNTY LLC,99,A,1,ROUTINE INSPECTION,EE0000853,6332 W 3RD ST # 18-10,LOS ANGELES,FA0138985,CA,90036-3155,OW0102261,ANDRE OF TOWN & COUNTY LLC,RESTAURANT (0-30) SEATS HIGH RISK,1632,ANDRE'S PRODUCTION KITCHEN,ACTIVE,PR0123363,"['Italian', 'Pizza']",False,34.0711906,-118.3599417,$,4.0,1038,-CW_jNF0-x1RAhlGjX3JUg
176,DAFCMIBNT,08/10/2016 12:00:00 AM,ANDRE OF TOWN & COUNTY LLC,98,A,1,ROUTINE INSPECTION,EE0000853,6332 W 3RD ST # 18-10,LOS ANGELES,FA0138986,CA,90036-3155,OW0102261,ANDRE OF TOWN & COUNTY LLC,RESTAURANT (61-150) SEATS HIGH RISK,1638,ANDRE'S ITALIAN RESTAURANT & PIZZERIA,ACTIVE,PR0123364,"['Italian', 'Pizza']",False,34.0711906,-118.3599417,$,4.0,1038,-CW_jNF0-x1RAhlGjX3JUg
177,DAFCMIBNT,08/10/2016 12:00:00 AM,ANDRE OF TOWN & COUNTY LLC,98,A,1,ROUTINE INSPECTION,EE0000853,6332 W 3RD ST # 18-10,LOS ANGELES,FA0138986,CA,90036-3155,OW0102261,ANDRE OF TOWN & COUNTY LLC,RESTAURANT (61-150) SEATS HIGH RISK,1638,ANDRE'S ITALIAN RESTAURANT & PIZZERIA,ACTIVE,PR0123364,"['Italian', 'Pizza']",False,34.0711906,-118.3599417,$,4.0,1038,-CW_jNF0-x1RAhlGjX3JUg
178,DAIDN7ZVN,08/10/2016 12:00:00 AM,GUS'S LUNCH BOX,94,A,1,ROUTINE INSPECTION,EE0000923,2320 FLETCHER DR,LOS ANGELES,FA0164752,CA,90039,OW0128068,GUS'S LUNCH BOX,RESTAURANT (31-60) SEATS HIGH RISK,1635,GUS'S LUNCH BOX,ACTIVE,PR0153034,['Mexican'],False,34.1046006231501,-118.25810236724,$,3.5,115,cVqPQIalLhoh-m4CjXpXCw
179,DANREX13K,08/10/2016 12:00:00 AM,LOS FELIZ CAFE,92,A,1,ROUTINE INSPECTION,EE0000697,3207 LOS FELIZ BLVD,LOS ANGELES,FA0065946,CA,90039,OW0002401,AM BEST FOOD INC,RESTAURANT (61-150) SEATS HIGH RISK,1638,LOS FELIZ CAFE,ACTIVE,PR0020539,"['Breakfast & Brunch', 'Burgers', 'Sandwiches']",False,34.1233211,-118.2688757,$$,3.5,286,Un86hgN63rh1CyAA0aDYpQ
180,DAQ10BSJ6,08/10/2016 12:00:00 AM,CAFE AVEC,97,A,1,ROUTINE INSPECTION,EE0000884,3224 W OLYMPIC BLVD # 103,LOS ANGELES,FA0177792,CA,90006,OW0183688,YUN CHAE LEE,RESTAURANT (31-60) SEATS HIGH RISK,1635,CAFE AVEC,INACTIVE,PR0170856,"['Seafood', 'Cafes', 'Sandwiches']",True,34.052455,-118.307105,$$,3.5,43,x2IY2nX5tNZ5c01dibIsrg
181,DAKWVMY7Y,08/10/2016 12:00:00 AM,BAEK HWA FAMILY RESTAURANT,86,B,1,ROUTINE INSPECTION,EE0000869,3929 W OLYMPIC BLVD,LOS ANGELES,FA0007789,CA,90019,OW0003679,"BAEK HWA FAMILY, INC.",RESTAURANT (31-60) SEATS HIGH RISK,1635,BAEK HWA FAMILY RESTAURANT,INACTIVE,PR0019277,['Korean'],True,34.0538778,-118.320434,$$,4.0,57,vhOXbUvWA2b_zCJ0DFq6Sg
182,DAQTYMNFZ,08/10/2016 12:00:00 AM,SPRING STREET SMOKEHOUSE,91,A,1,ROUTINE INSPECTION,EE0000360,640 N SPRING ST,LOS ANGELES,FA0070815,CA,90012,OW0033817,SPRING STREET SMOKEHOUSE INC,RESTAURANT (31-60) SEATS HIGH RISK,1635,SPRING STREET SMOKEHOUSE,ACTIVE,PR0007221,"['Barbeque', 'Southern']",False,34.0584418,-118.2384744,$$,3.5,845,NiqUaspI5PMx8tTGc2m9Rg
183,DAHFXYWFF,08/10/2016 12:00:00 AM,PHILS DELI & GRILL,96,A,1,ROUTINE INSPECTION,EE0000468,6333 W 3RD ST STE# 175-E,LOS ANGELES,FA0044468,CA,90036,OW0006307,"CARVALHO, FRANCISCO",RESTAURANT (0-30) SEATS HIGH RISK,1632,PHILS DELI & GRILL,ACTIVE,PR0021350,"['Delis', 'Breakfast & Brunch', 'Burgers']",False,34.0717892,-118.3605725,$$,3.5,194,cBF1E29Wn8GzwDTcWU0Apg
184,DAQPT6XUR,08/02/2016 12:00:00 AM,PAMPAS GRILL,91,A,1,ROUTINE INSPECTION,EE0000468,6333 W 3RD ST STE# 175-E,LOS ANGELES,FA0027593,CA,90036,OW0015873,HOME COOKING INC,RESTAURANT (0-30) SEATS HIGH RISK,1632,PAMPAS GRILL,ACTIVE,PR0011183,"['Delis', 'Breakfast & Brunch', 'Burgers']",False,34.0717892,-118.3605725,$$,3.5,194,cBF1E29Wn8GzwDTcWU0Apg
185,DAZI04JMS,08/10/2016 12:00:00 AM,WINGSTOP,94,A,1,ROUTINE INSPECTION,EE0000871,4725 VENICE BLVD,LOS ANGELES,FA0074099,CA,90019,OW0011603,"FAR WEST RESTAURANT GROUP, LLC.",RESTAURANT (31-60) SEATS MODERATE RISK,1634,WINGSTOP,ACTIVE,PR0009203,['Chicken Wings'],False,34.0469988554875,-118.339128241894,$$,3.0,142,4AwriQ0yEqPrEb17LA-blg
186,DAMCSTN7G,08/10/2016 12:00:00 AM,TWIST,91,A,1,ROUTINE INSPECTION,EE0000871,344 S LA BREA AVE,LOS ANGELES,FA0136982,CA,90036,OW0099764,TWIST BAKE SHOP INC,RESTAURANT (31-60) SEATS HIGH RISK,1635,TWIST,ACTIVE,PR0120974,"['Cafes', 'Bakeries', 'Breakfast & Brunch']",False,34.0676003,-118.3436813,$$,4.0,180,Q1Y4yNm6jEFWuBDTAp-2-A
187,DAC3C2SBX,08/10/2016 12:00:00 AM,KMART,95,A,1,ROUTINE INSPECTION,EE0000853,6310 W 3RD ST,LOS ANGELES,FA0033414,CA,90036,OW0019754,KMART CORPORATION,RESTAURANT (61-150) SEATS HIGH RISK,1638,KMART FOOD COURT,ACTIVE,PR0004422,['Department Stores'],False,34.0702348185811,-118.359412960799,$,2.0,159,vbLp0CcQv0wBlWOyB0NmGQ
188,DAOWMR0O0,08/10/2016 12:00:00 AM,MODERN EATS,91,A,1,ROUTINE INSPECTION,EE0000923,2590 GLENDALE BLVD STE #D,LOS ANGELES,FA0067098,CA,90039,OW0024718,MODERN EATS LLC,RESTAURANT (31-60) SEATS HIGH RISK,1635,MODERN EATS,ACTIVE,PR0024394,['Breakfast & Brunch'],False,34.105159897289,-118.259571790695,$$,4.0,424,qqYU0ueZtsYO2vYWsM7YBQ
189,DAV0UTS8F,08/10/2016 12:00:00 AM,ASTRO FAMILY RESTAURANT,92,A,1,ROUTINE INSPECTION,EE0000923,2300 FLETCHER DR,LOS ANGELES,FA0057786,CA,90039,OW0005593,C I G RESTAURANT INC DBA,RESTAURANT (61-150) SEATS HIGH RISK,1638,ASTRO FAMILY RESTAURANT,ACTIVE,PR0001135,"['Diners', 'American (Traditional)', 'Breakfast & Brunch']",False,34.104563,-118.258754,$$,3.0,320,iCVK2meVbQeRkQ9TLxWxGg
190,DA9R8CCH1,08/10/2016 12:00:00 AM,IMPROV COMEDY LAB BAR,95,A,1,ROUTINE INSPECTION,EE0000957,8156 MELROSE AVE,LOS ANGELES,FA0137398,CA,90046,OW0100333,LEVITY LIVE ENT GROUP - LLC,RESTAURANT (61-150) SEATS LOW RISK,1636,IMPROV COMEDY LAB BAR,ACTIVE,PR0121404,['Traffic Schools'],False,34.0836421088715,-118.366491698672,blank,4.0,60,JU-LSH2SeigH4W_6MVHJGA
191,DAQKSESBD,08/10/2016 12:00:00 AM,LITTLE BEIJING,90,A,1,ROUTINE INSPECTION,EE0000871,4727 VENICE BLVD,LOS ANGELES,FA0022214,CA,90019,OW0022464,LUCKY TH FOODS SERV INC,RESTAURANT (0-30) SEATS HIGH RISK,1632,LITTLE BEIJING,ACTIVE,PR0043559,['Chinese'],False,34.0470687,-118.3391859,$,4.0,103,mz1v0TAqG5nvJIJKRG720g
192,DANZHJ0SE,08/10/2016 12:00:00 AM,KEIKO GRILL,93,A,1,ROUTINE INSPECTION,EE0000905,3650 MARTIN LUTHER KING JR BLVD STE 132,LOS ANGELES,FA0177497,CA,90005,OW0183417,KEIKO GRILL INC.,RESTAURANT (0-30) SEATS HIGH RISK,1632,KEIKO GRILL,ACTIVE,PR0170556,['American (New)'],False,34.0100267,-118.335791,$,3.0,10,1Nk585ZVAeFgnFDTwPq2AQ
193,DAA2W0RNN,08/10/2016 12:00:00 AM,YANGJI GAMJATANG,83,B,1,ROUTINE INSPECTION,EE0000699,3470 W 6TH ST STE 6,LOS ANGELES,FA0163048,CA,90020,OW0126724,C & J LEE ENTERPRISE INC,RESTAURANT (31-60) SEATS HIGH RISK,1635,YANGJI GAMJATANG,ACTIVE,PR0151223,"['Soup', 'Korean', 'Comfort Food']",False,34.0630912780762,-118.297538757324,$$,4.0,474,JBeSWzpDI8eh2xG4-ZVy4g
194,DAKNYALIG,08/10/2016 12:00:00 AM,EARTHBAR,93,A,1,ROUTINE INSPECTION,EE0000122,600 WORLD WAY # 645,LOS ANGELES,FA0224547,CA,90045,OW0183324,"DNC JAVARRO LAX T6, LLC",RESTAURANT (0-30) SEATS MODERATE RISK,1631,EARTHBAR,ACTIVE,PR0179788,"['Salad', 'Vitamins & Supplements', 'Juice Bars & Smoothies']",False,33.9427582,-118.4031324,$$,3.5,48,sTG4D5iml8rodtmfYQdhnw
195,DARILT048,08/10/2016 12:00:00 AM,LA BREA BAKERY,91,A,1,ROUTINE INSPECTION,EE0000871,460 S LA BREA AVE,LOS ANGELES,FA0139086,CA,90036,OW0102346,ARYZTA LLC,RESTAURANT (61-150) SEATS HIGH RISK,1638,LA BREA BAKERY,ACTIVE,PR0123467,"['Bakeries', 'Breakfast & Brunch', 'Sandwiches']",False,34.065066587496,-118.343814755115,$$,3.5,675,NPpwfAmvinTXbB0Aq41XEw
196,DA90PONHU,08/10/2016 12:00:00 AM,"SUN NONG DAN FOODS, INC",90,A,1,ROUTINE INSPECTION,EE0000699,3470 W 6TH ST # 7,LOS ANGELES,FA0175368,CA,90020,OW0181927,SUN NONG DAN FOOD INC,RESTAURANT (0-30) SEATS HIGH RISK,1632,"SUN NONG DAN FOODS, INC",ACTIVE,PR0168508,"['Korean', 'Soup']",False,34.0630836857803,-118.297481238021,$$,4.5,994,0SerWqGwzNWpTA2RBLVdUg
197,DAIF6VNNK,08/10/2016 12:00:00 AM,HERNANDEZ TACOS MEXICO,90,A,1,ROUTINE INSPECTION,EE0001049,355 S ATLANTIC BLVD,LOS ANGELES,FA0158085,CA,90022,OW0123184,"HERNANDEZ, CELIDA B",RESTAURANT (31-60) SEATS HIGH RISK,1635,HERNANDEZ TACOS MEXICO,ACTIVE,PR0146175,['Mexican'],False,34.0308103,-118.1543666,$,3.0,37,CUZ0VmW9zrki2U9g5hL1PA
198,DAIH6KAC3,08/10/2016 12:00:00 AM,PIKNIC,90,A,1,ROUTINE INSPECTION,EE0000375,2000 AVENUE OF THE STARS # 20,LOS ANGELES,FA0238983,CA,90067,OW0235367,PIKNIC AM-HK LLC,RESTAURANT (31-60) SEATS HIGH RISK,1635,PIKNIC,ACTIVE,PR0186922,"['Sandwiches', 'Burgers']",False,34.058369,-118.413725,$$,3.0,89,LHWIPFaglD6SQwOfQswYwQ
199,DAZLCI1XO,08/10/2016 12:00:00 AM,STARBUCKS COFFEE #13286,94,A,1,ROUTINE INSPECTION,EE0000923,4430 E YORK BLVD #A,LOS ANGELES,FA0070974,CA,90041,OW0033938,STARBUCKS COFFEE CORPORATION,RESTAURANT (31-60) SEATS LOW RISK,1633,STARBUCKS S#13286,ACTIVE,PR0039298,['Coffee & Tea'],False,34.12343,-118.21957,$,2.5,208,WJlmgkm4lrbzVJysiyY99g
200,DARIBGVGK,08/10/2016 12:00:00 AM,STONE GRILL BBQ,84,B,1,ROUTINE INSPECTION,EE0000531,703 S VERMONT AVE,LOS ANGELES,FA0179015,CA,90005,OW0184646,RED STAR BBQ CORPORATION,RESTAURANT (61-150) SEATS HIGH RISK,1638,STONE GRILL BBQ,INACTIVE,PR0172538,"['Korean', 'Barbeque']",False,34.0595,-118.29202,$$,4.0,357,C4bl1EIuQ7CepSgdS-7MzA
201,DA3EFMDAX,08/10/2016 12:00:00 AM,RALPHS MARKET #16,97,A,1,ROUTINE INSPECTION,EE0000854,670 S WESTERN AVE,LOS ANGELES,FA0045184,CA,90010,OW0029458,RALPHS GROCERY COMPANY,RESTAURANT (31-60) SEATS HIGH RISK,1635,RALPHS #16,ACTIVE,PR0038529,['Grocery'],False,34.060115814209,-118.308555603027,$$,2.5,152,Ckod8iQYCpltsEpjEobdrQ
202,DA06MDRER,07/22/2016 12:00:00 AM,RALPHS MARKET #16,92,A,1,ROUTINE INSPECTION,EE0000854,670 S WESTERN AVE,LOS ANGELES,FA0045184,CA,90010,OW0029458,RALPHS GROCERY COMPANY,RESTAURANT (0-30) SEATS LOW RISK,1630,"COFFEE, BEAN & TEA LEAF#16",ACTIVE,PR0010740,['Grocery'],False,34.060115814209,-118.308555603027,$$,2.5,152,Ckod8iQYCpltsEpjEobdrQ
203,DAYXSFD1I,08/10/2016 12:00:00 AM,CHINA COMBO,92,A,1,ROUTINE INSPECTION,EE0000659,1080 S LA CIENEGA BLVD,LOS ANGELES,FA0171335,CA,90035,OW0178426,"CHINA COMBO , INC.",RESTAURANT (0-30) SEATS HIGH RISK,1632,CHINA COMBO,ACTIVE,PR0161399,['Chinese'],False,34.0572657,-118.3760751,$,3.0,52,BzXPmQ6P7inFyz6SB0NRzA
204,DA3O6VGUE,08/10/2016 12:00:00 AM,MYUNG IN DUMPLINGS,93,A,1,ROUTINE INSPECTION,EE0000884,3109 W OLYMPIC BLVD STE B,LOS ANGELES,FA0221973,CA,90006,OW0226897,CHENG YIN,RESTAURANT (31-60) SEATS HIGH RISK,1635,MYUNG IN DUMPLINGS,ACTIVE,PR0176962,['Korean'],False,34.05293,-118.30352,$,4.0,654,jCDnwiF2JN5OBbzwlrWuhA
